x1,x2,x3,x4,x5,x6,y
-0.5155335374154315,0.1719706796326087,0.5964784275440039,-1.0,1.0,1.0,4.075159713012852
0.5796811268713455,-1.0,-0.6680270777463881,-1.0,-1.0,-1.0,10.007508540016575
0.3828751673635009,-0.8976026084959853,-1.0,1.0,0.20963290160845927,0.7792027429174055,1.30905934318825
0.22146421325058863,0.9850038690331646,0.7981395779643803,1.0,1.0,0.43838155970030585,-5.553584861696526
-0.5733094394196776,-0.7958166212692267,0.708690706549078,-0.91821407642164,0.2983485936393424,0.29612381293114415,-1.6191360611330516
1.0,1.0,0.9697321828183472,0.07746712146361068,0.5884818822725059,1.0,-4.993652432598422
0.9418742641299798,-0.2594519928630199,0.20768867255943912,-0.79305116568209,-0.375409242542493,-1.0,7.434163110546849
-0.343416176838627,0.4340019885601698,-1.0,-0.6332878719167024,0.22521392044690913,-0.19923314746311166,-0.6042859729183753
-0.4893654297016543,-0.4927499328769942,-1.0,-0.46948349434124137,-0.9423187597320319,0.5398226483025306,0.15344557917208038
-0.05756984383978872,0.37688422873773264,-0.12232292015672541,0.2382654193140336,0.27202672128857247,0.1226381281482673,-0.45072412683018337
-0.8325707851951847,0.7513653540929249,-1.0,0.14665804195476084,-0.3945969200587446,0.0005638542337117469,0.9676595364583231
-1.0,-1.0,-1.0,-1.0,1.0,0.16874001662064142,-8.467811992210457
0.6669650297142533,1.0,1.0,1.0,-1.0,-0.20235891167083875,2.3397794897506787
-0.8465311597820284,-0.4470547428496998,-0.427170487743729,-0.41340364427823584,-1.0,-0.44270995324370443,-0.33862753672378665
-0.2630424731667219,-1.0,-0.5461535882737337,-0.2004217700464702,-0.20127663216719271,0.4120019390545106,-1.8681483634589722
-1.0,-0.20202810785400493,-0.3652831649242154,-1.0,-0.024768492939303832,-0.7615451670792842,1.7978893175922392
0.26059364417169406,-1.0,0.9764155969844867,-0.6524602812562559,-1.0,0.5745881662073233,3.5483790429680147
-0.0336535766281536,0.9371494068639701,0.6901772601121727,-0.597837930612688,1.0,1.0,4.587304165645857
0.13400041718850564,-1.0,-0.12652844221984316,0.7132148781797392,0.0006349166983946608,1.0,3.4240429826076326
0.024053035662662592,-0.4089820727005109,0.9254289101576978,-1.0,0.21992585507892515,1.0,-3.698306527145304
-0.44851106598016516,-0.8982589647427132,-1.0,0.023541192660638255,-0.5829012082087756,-0.21089173089488433,-3.818649690652769
-0.026018175187686676,-0.6844793155828356,-1.0,-1.0,-1.0,-0.752131323606632,3.1470429206000627
0.7955025438514768,0.4407940360177214,1.0,-0.3685170219345454,1.0,0.09840713520021382,-1.9588314175235426
-1.0,-1.0,-0.986985270576995,-1.0,-1.0,-0.6786737232736844,0.6639931405432088
-0.9416546014070057,-1.0,-1.0,0.4267948225702519,-1.0,-0.0104178070025428,-6.879465569359034
-0.1491008796361275,-1.0,-0.20200412199581486,0.7493010041081762,0.9274456223525688,-0.10915431351229254,-1.0448535479761536
-0.30440494782933203,1.0,1.0,-0.7621510502832516,0.7419342761877902,-0.4847508418511284,-2.6576625503299276
-0.8656066744680019,-0.09768660524969042,-0.14392123009578722,0.5220676110225428,-0.5557148286544012,-0.9867835619907968,1.6334596239329784
-1.0,0.3824472082578717,0.1287239871450757,-1.0,0.0355858801963338,0.5404704532956284,-1.622272030029532
0.2954699099979132,0.27063297004658027,-1.0,0.30783798910989724,-0.18374164856094558,0.11905443115743077,0.026885100753596014
-0.9511680117380119,-0.005368933558395572,0.2839859838920673,0.23909842752040644,0.0032326438275396274,1.0,0.6226888343234522
0.17670130826905073,1.0,0.3499069987291945,0.6543238346146325,-0.9128893320715011,-0.0526924841845412,1.8070262509793238
-1.0,-0.19420003387637352,-0.2054631517741441,-0.39332891390428026,-1.0,-1.0,-0.7768915085447927
1.0,0.4724838694186866,0.01931442143516815,-0.6846818710222973,1.0,-1.0,-0.12512042555661945
1.0,0.15581148389926525,-0.5517035720910646,1.0,-1.0,0.43053425214251484,3.8895608409948297
1.0,1.0,0.4557537840895127,1.0,-0.10872954083895323,-1.0,7.50944447480524
0.3987144843664419,1.0,0.7224998054493408,0.7606741277370737,0.7030353000743981,0.8466227616783643,-4.165897904262305
-1.0,-0.2781525389074814,-0.4334788224359869,-1.0,-0.4605904158005132,-0.7305330403735366,1.1032431773349545
0.6937997581800314,-0.5657871265542342,-0.5718242529820214,-0.2729270817756765,0.9242821733929183,0.7855263309084047,-1.2116695681049725
-0.044118863091414495,-0.07502334175148495,-1.0,-1.0,-1.0,-0.6068960649300752,-0.40270826147094735
-0.03128902752219842,-0.36800201609577615,0.4110414020223842,0.5682064023696793,-0.657543131785403,0.08170988302702908,-0.707328422581824
1.0,0.5360311170232734,1.0,0.44155125383708427,-0.09697025435735884,1.0,-1.5265480623778904
1.0,0.731098589192249,0.9523628627427458,1.0,-0.29026358755898085,-1.0,4.798220041230437
-0.706934949701735,-0.7746818538666674,-1.0,-0.8101165633095485,-0.9125702221724379,-0.4073235498839085,0.2968714930525074
1.0,0.40905872992644454,1.0,1.0,1.0,1.0,-7.349480768455389
-0.2551651534223581,-0.5996973075599149,0.38596176281762296,-0.18957721924587778,-0.8786123856977546,-0.3486383163630997,0.6313429965859527
-1.0,-1.0,-0.6780872568582069,-0.7673039888483713,-0.7249553112237594,0.33706647114864396,-3.0380771276496845
-0.7540536363864606,-1.0,-0.826553870157597,-1.0,0.6969234049909467,-0.19481265408296322,-3.739502404654484
1.0,0.7250914516706439,0.25274062020240784,1.0,-1.0,-0.5865472089974473,6.090464822577698
-1.0,-1.0,-0.6139269815419526,-1.0,-1.0,0.21133981858148765,-1.3313316942179854
-0.40597643469201994,-1.0,-0.558376859804112,-0.24157547391562206,-1.0,-1.0,1.7262636772387665
-0.976456467948248,-0.29111570863729863,-0.4325835927301489,-0.4436150048567054,-1.0,-1.0,0.2231387955286328
-0.2485501303399229,0.3045970284842656,0.22669301738722142,-0.37320213532634705,0.9141935568549138,1.0,2.9543268235012476
0.929574138069627,0.162943936155726,-0.2674138292184367,-1.0,0.854814270061699,1.0,2.824314380546586
0.8757601066539988,0.39692783250389607,1.0,0.1531590916007941,0.12063500428532836,0.31460033145922206,-0.2911536881349389
0.13492593140688214,-1.0,-1.0,-1.0,1.0,-1.0,0.6051419778793392
1.0,0.6783308990677024,0.2130990631417422,0.9122372871591452,0.05105644575906221,1.0,0.922704538771525
-1.0,0.755743080357716,-1.0,-0.48700062592243026,-1.0,0.015729549360976203,-0.8970877942436264
-0.20214872092210878,-0.3483660190464598,-0.1273661039930409,0.5863314806836031,1.0,0.2306641735831063,1.2913973001533579
1.0,0.612496606132878,-1.0,0.2511872316737632,0.8429656198195227,0.21511654796903956,-2.6143091911208987
-0.11006238753150555,-0.5150062825973427,-0.7970312225841374,-0.486123193424709,-0.4305815658916828,0.013105162882591226,0.3056403006553735
0.7632616651649062,0.4560518676868348,0.16738450358811496,1.0,-0.04394008807054073,-0.4014112406793584,1.7288784979839193
0.026233611330615414,1.0,1.0,0.9332390755220452,-1.0,-0.8927879688690905,1.22034384120139
-0.5410980171433677,-0.4094260948393869,-1.0,-1.0,-1.0,-1.0,3.529897627872457
-1.0,-1.0,-1.0,-0.36286177900393746,-1.0,0.35308497412272366,-5.274758112551045
0.441550949267046,-0.15710324323064098,1.0,0.7606725523260077,-1.0,-0.7771547627702542,2.635074880019818
0.363814696211576,-0.20230537752306743,0.38622053672125833,0.5262688775380973,-0.46386627103750455,0.6352862986739048,1.5083816610570064
1.0,1.0,0.49910156098652103,0.40383018917674174,-0.3906614597612901,0.4470853269925665,0.48441719939825073
0.09366741545687568,1.0,-1.0,-0.26778923936955357,0.40813441186713906,-0.25519376766414853,1.3159729360743215
-0.4965336511172341,-1.0,-0.2442567656614949,-1.0,-0.21657736318215848,-0.8002903052106921,3.2523875606095687
0.17272915241283776,0.5908660364136581,0.7499144497495829,-0.1987020179872362,-0.018769717013689124,-0.11043264591539759,-1.3297289386398579
1.0,0.6959599881395904,-0.7472279673911801,-1.0,0.31587881222712405,1.0,4.826769129633656
-0.8809813818885746,-0.9590329180160218,-0.5955164569161279,-1.0,1.0,-0.1778410950341007,-0.38827021836276365
1.0,1.0,0.22232447616993323,0.9800906237420403,-0.2828461265043569,0.553767895569503,1.6805374287189172
-0.7045600846400577,-0.636103939184768,1.0,0.5918929674269382,0.24696160159645555,0.8325575563658744,0.10399413649111233
-0.8958868839816158,-0.34688230298593203,-0.7519545916576299,0.29655491457442495,0.8788239368626507,-0.8357146984007411,3.050807570348801
1.0,0.14255571875363482,1.0,-0.2191370871848033,-0.7238364304684325,0.9734602830955265,2.614259855195798
0.29249356676450605,-0.0254453369695036,-1.0,-0.3861821350486851,-0.8572687546117346,-0.09947292863565473,0.4889758605914037
-0.1625132172854644,-0.47690878947197923,-0.3447420890375495,-0.33291989410395806,1.0,1.0,3.5098271508479746
-1.0,-0.11644896453908338,-0.4598372042736143,-1.0,0.5498621934291368,0.8240020393499747,2.2212034983968585
1.0,0.04474329854064313,-0.5388251491390235,-0.794547586054299,-0.4548222156870987,-0.33206704472634807,1.4611807955829177
-1.0,-1.0,-0.7209896729210563,-0.5690448225214363,0.6815651830427838,0.9429937942762234,0.34629111611054697
1.0,0.7800643501798763,0.8150686218714206,0.5854954094854727,1.0,0.5729246842341216,-5.183728110696528
1.0,1.0,1.0,1.0,-0.6446458557408006,-1.0,6.910754698797736
0.26338645219726786,-1.0,-0.31193119433173966,0.33569570265278803,1.0,1.0,2.5059002060030187
-0.17060778191438908,0.3900737909079146,-0.2212651896833513,-0.20133672798316551,-0.2730206306756007,1.0,3.588201796102344
1.0,1.0,1.0,0.8291630448447711,1.0,1.0,-9.272937869737152
-1.0,-1.0,-0.8545737055505689,-0.9260930819858102,-0.7312247163932978,1.0,0.08434385481675433
0.13083388548083963,-1.0,-1.0,-1.0,-0.32259004129689217,-0.36697857696091074,-0.9256317956477959
0.5126923873800744,0.2386860387351739,1.0,1.0,0.2701844268944762,0.43365469239101495,-3.0164642766631955
-1.0,-0.33640721605464874,-0.3647067908077106,0.6762004678751743,1.0,0.6565103297447058,3.916801724399726
-1.0,-0.23891493166927558,-0.6396236360749674,-1.0,0.6003713113313995,0.5594570063176834,1.3207060733426494
-0.71496589252861,0.22532937982449955,-1.0,1.0,-1.0,-1.0,1.4488440299223988
-1.0,-0.9318688493218024,-0.27876835496068697,-0.0631390462171379,0.028976275354839043,0.5518672759153038,-0.08107002432157095
1.0,-0.1921210796327114,-0.8048396127010675,-1.0,1.0,0.9539938222225472,-1.9977140360303727
-1.0,-1.0,0.27623978546903094,-1.0,-0.916059739997644,0.06564129166029753,2.5870345730704827
-0.9700150273332047,-0.2453852493850056,0.40508537371615305,-0.15343535160905875,-0.40246541347633746,0.8243528207105097,-2.0052805693485167
0.5314813589454987,-0.7321298231196043,0.5748787321301886,0.31425575389206684,0.7204182666220229,0.23434565249716877,-1.3264758212689602
-0.7201422091836878,-0.35408397404287073,-1.0,-1.0,1.0,1.0,6.804963382176407
-0.48424936775914285,0.5280886624835632,1.0,-0.573236980188311,0.5020531675851636,-0.003653801230542708,-0.709236655048283
0.2617515610350002,-0.5986235528359913,-0.1363081127707686,-0.9944319121098568,-1.0,-0.09085076694791919,4.986717333528038
-0.5990360891041371,-1.0,-0.4974778187149719,-1.0,-0.7183704540186191,-1.0,4.446838093881107
-1.0,-0.4416624088968488,0.07875909494605782,0.4646071984759788,0.06806871136997228,-1.0,3.798162500284501
-0.4901517079714085,1.0,0.08528713000627025,0.3223915321436231,1.0,1.0,6.320739813577788
0.7095153341931697,-0.2517411769280896,0.7608229334612989,0.4440091348957886,-0.027151801797155484,0.2725494469079027,-0.2577832895999016
1.0,1.0,1.0,-0.20579527312029344,0.2515784142915014,0.18419612725949808,-2.5433949042117847
-0.3650576725693211,0.6617003565815978,0.04109417956565764,0.44783740123443844,-0.569785276518201,-1.0,1.355276559037784
0.6870931158101299,-0.16521588071702564,-0.823497948468122,-0.7234400445669944,0.9727577326315281,0.006260759592597642,-2.2108141846473535
1.0,0.8186497132200754,0.5010006526166018,0.5131349042077435,-1.0,-0.17267465929381953,3.6931377010642823
0.19387636994023805,1.0,-0.12124949448411149,1.0,-0.18620130503910745,-0.2731286200434029,1.0468003870819158
-0.5006898578073437,1.0,1.0,1.0,-0.8653687862839524,-1.0,0.9743291419125388
1.0,1.0,0.2535570914815545,0.7625950226365319,-1.0,0.5254571740030692,4.5607033784909286
-0.18865801447171282,-1.0,-0.6624903371975988,0.23200016620299396,-1.0,-0.4262396313246559,-1.6731576290234718
-0.9150973628421472,0.2677326362781611,-0.3303318935663454,-1.0,0.4320488517530465,0.3020162794064286,0.7108663489674666
-0.843928745302,-1.0,-0.04258107975073466,0.010772088220382392,-0.48144522931970823,-0.8558853191854698,1.0826937886433337
1.0,1.0,-0.3500641479154029,-0.7785064575956616,-0.6138109218206096,-0.9390591431118105,5.461882535484786
0.42671051100626434,0.4443302982758591,1.0,0.21992278370073204,0.45334441101498646,1.0,-2.1288203636999534
1.0,-0.16242903665777184,0.4144091832966911,0.624541139207462,-0.1842014823017557,0.6089521355064673,-0.4193282050924436
0.4915999408425828,-0.34037309783575087,0.10412590247019099,0.7925143063872482,-0.6184567613629549,-0.6346842801160048,2.069346198077688
-0.27930291058291246,0.4645105691082658,1.0,1.0,-1.0,-0.7540145143851884,0.8256424617050859
1.0,0.7334424087332405,0.2948736018917467,-1.0,0.09082853954872577,-0.8714079509784892,1.735692209559809
0.458043060806318,0.6438597153908434,0.8011245848296016,0.08344788073431797,-0.7328753911738981,-0.442942115625251,0.9828095285301699
-1.0,-0.0831518089813632,-0.08431338884899864,-1.0,-1.0,0.31878795071351645,0.4600199407215092
0.05318891973726639,-0.3157047646643446,-1.0,-0.5179356207778403,-1.0,-1.0,2.1387534149540923
-0.6641866328022785,-0.6445612833925566,-1.0,1.0,0.18837240622097406,0.3299240936905357,-0.36421495389448943
0.12284897250423593,-1.0,-0.10672098858565487,0.36055324662730986,-1.0,-1.0,2.577006658883687
-1.0,0.01477547625913389,-0.8257700501348737,-0.3520135261859645,1.0,1.0,7.855795257978233
-0.19498778288547114,-1.0,-1.0,-1.0,0.5235366524632089,0.000995752235324554,-4.982565243046269
-0.5748754612304479,0.7149103798379803,-0.5002719487547874,1.0,-0.0909475266584272,0.23706478907797163,-0.5331847462791781
0.1055007563227841,1.0,0.6916683109271149,0.1461576493877022,0.2824958535084462,-0.6587188854734717,-1.0684547207783162
1.0,0.4201497583297904,0.13351871899202505,0.23551666448268604,-1.0,-0.6778621807631694,5.078882031124419
0.5742540609290021,-0.832438144382733,0.9015035469605466,-0.7347453971605467,0.351671060371761,-0.9777448941645401,4.850748901865618
-0.7024907696208655,-0.029188332293566877,-1.0,0.2515130665181801,0.22328665252153435,1.0,7.826189301117589
-0.32291154791114385,-0.6810889283964006,1.0,0.6376033718612517,-1.0,-1.0,1.2531353902580806
0.08450068250933007,1.0,-1.0,-1.0,0.4723557762961589,-0.712822727322473,0.8978051973236357
0.2931277666162121,0.5427200702971269,-0.3969021769501481,0.5197746122554947,-1.0,-1.0,3.1663888126050903
-0.5336870621953351,-1.0,-0.6834396870615281,-0.8920397429580159,1.0,1.0,0.8561868256605887
-0.692442599741822,-1.0,-0.490631433302146,-1.0,1.0,0.8830421925873615,0.05444075143680553
1.0,0.1287392302537369,0.9485031973592313,0.9947980591085203,0.6279464102667545,0.2931544476977742,-4.0463802391399115
0.5845292623672118,-0.0398582498724413,1.0,0.27681293543917634,-0.8394440487514936,0.8916251186144154,-0.017538785486641395
0.23021291300991192,-0.11051180943072969,-0.567327413601175,0.38348138984342456,0.6928123698307591,1.0,3.4043146567216
-0.13819818447759089,1.0,-0.06379942805945504,1.0,-1.0,-0.19799885399346384,1.6257253583378306
-0.1196072330265644,1.0,0.7825517174065997,0.8289318236433322,-0.7863623492266646,0.6931921742311153,-2.5332226812812735
-1.0,-1.0,-1.0,-1.0,-0.13025002488100013,-0.4105750501694805,-4.502086765412601
0.7918090800344441,1.0,-0.07164510131119428,0.575040287912832,-0.3005995778572389,-0.5080475725174416,2.089391534867953
-0.1229916354070757,-1.0,-1.0,-1.0,-1.0,0.720762284196459,4.444391717771943
1.0,1.0,1.0,-0.15013430325990873,0.5105395488710354,1.0,-4.772313844038791
-0.7658170269131214,-0.0704307879523528,-1.0,0.38333815945620237,0.2104307052372386,0.6320394124669143,2.9436920618935156
-1.0,-0.7938892777492765,0.7756778353620832,-0.16252047079057064,0.6087387665587551,-0.10609528712060379,2.5823883619492656
-1.0,0.22783372313473027,0.44379461771194056,-0.7509909554179367,-1.0,-1.0,-2.854814442414122
0.5511498393889567,0.04106834736794762,1.0,1.0,1.0,-0.2659392027942227,-1.9670617581636176
-0.2659006847606278,0.38869535337676697,1.0,0.08744166141308563,1.0,1.0,0.3832504836843065
1.0,0.7529126884217432,0.09101969161219087,0.9523670801002029,-0.37282640974498016,-0.4907176012782537,3.5563657119192102
-1.0,-1.0,-0.1989303650212113,-0.304835326822006,-0.13628279031871693,-1.0,5.612928344503906
-0.5910403374079541,-0.6633840607659475,0.35204626961732477,-0.9494512606992077,0.8398239832171059,-0.37083800849096876,3.900433867658404
0.2474763034472659,-0.39775744125459855,-1.0,0.491243586500673,-1.0,-0.9450264212033193,2.6354601972407425
-1.0,-1.0,-0.32055254128520216,-0.16916553534002166,-0.05528900847429796,-0.9203737398160912,4.128368617107727
1.0,1.0,0.10858714977216932,0.8829237237407404,-1.0,-0.02942631558802821,4.8738277624176085
-0.6421300385605291,-0.6272198497722573,-1.0,-0.2631779046483521,-0.34365846730663857,-0.38503061003584016,-1.5397652002312578
-0.2826174176575417,1.0,0.9903752194150599,0.8794506297489497,0.3382237011014363,0.0556930494152964,-3.9943066890759984
-0.05591480641547264,0.7267161920100312,0.3332162387339962,0.010122589268531823,1.0,1.0,4.582235459543989
1.0,0.9607977325132562,1.0,1.0,-1.0,-1.0,9.245310878591807
-0.4908693599714219,0.16172694015263434,-1.0,-0.7658475190232709,-1.0,-0.7156479086873853,-1.7653359246805753
0.1184652076530121,-1.0,-1.0,-0.9011329695307704,1.0,0.30772823856823517,-5.351394541375936
-0.3432723240490225,-0.3006046923572038,-0.0870728077648073,-0.8492089520975391,0.9836118523033683,1.0,4.364889024779027
-1.0,-0.45050091045123564,-1.0,-0.47484048960700115,-0.278926955600185,-0.21385508968606087,-2.1170948278356057
-1.0,-0.8251179508685305,0.2277304555734042,-0.41895138106332125,1.0,0.045674635890422866,2.8727350260365996
1.0,0.7485583493911951,1.0,0.31590610721406964,-1.0,-0.1450819173368203,3.6631361307014365
-0.11057128556688012,-0.6716046053198517,-1.0,-1.0,0.737757338017393,0.7425080154513986,-0.5365957951006989
-0.06396613457613609,0.1350131610738013,-0.08594686995580357,0.7824870067298197,0.2567751739595623,1.0,3.350410965552341
-1.0,-0.5754848423011167,-1.0,-1.0,-0.6613090868433098,0.1279233591634868,-2.2628936914444067
0.12111457288272554,-0.4214234737495939,-0.2307934757734913,-0.3925693218706454,0.8047962824116355,-0.15116687294130238,-0.04057962336277626
0.6346949463012611,0.463067881466847,-1.0,0.1253535046887384,0.9018834512608944,0.46491742631005406,-1.186575456374172
-1.0,-1.0,-0.7758588727177518,-0.6668160225347741,-1.0,0.23809211860040042,-2.7105414123079568
-0.6467048947023923,-1.0,-1.0,-0.4580106452409054,1.0,-0.8767537831958121,0.8950507465319646
-0.4522302818791489,-0.2309484466661582,-0.08549555665007008,-1.0,0.12225696941290554,-1.0,3.3190990906103544
0.4192781222374715,0.5362275796817599,1.0,0.032082843553018936,-1.0,0.3512555570322127,-1.0573607468022752
-0.29506441479259515,0.18768662079764564,1.0,-0.15771682624219263,-0.006384304061585855,-0.9558825594797249,2.0078353970084897
-0.8708679128401295,-0.008199232434733972,-0.6240954821383805,-0.5910603936247922,0.5768971163078581,0.46068448785504257,2.3243833316668834
0.7960612285070061,0.5268003376494552,0.7822885624418313,1.0,0.5408879430751243,0.4473161878780739,-4.274170877877062
1.0,1.0,1.0,1.0,0.44275468028455134,0.12413120259245036,-4.621348467794345
-0.8272870489196307,-0.8019575949323127,1.0,1.0,1.0,0.041594842992648484,-0.9680776190915175
-1.0,-0.08510404655133508,0.3732453885428424,-1.0,0.0413201634444712,-0.5705746897254322,1.7467446782328322
-1.0,0.8105250529505724,-0.47174401713219394,-0.3699317964551313,-0.8835482382782988,0.8291005489617327,2.5270896533651586
0.8621151733843374,-0.28397793967883617,0.5888941101872414,1.0,-0.29953075438847904,-0.4306934982865517,1.7393595138177238
1.0,0.34655873336246923,1.0,1.0,0.5760158413365347,-0.4281014690859005,-3.1821316015253998
1.0,-0.4384079497833784,-1.0,-0.6849940727109025,-0.3981948544876679,-0.394996423397043,3.096707699963792
0.07935432020073568,-0.7997029119674013,0.6584597104673164,-1.0,1.0,1.0,-1.0853611670215617
0.9366082966054721,1.0,-0.12387578805367505,0.0030274223157219504,-1.0,0.6432699297637944,5.219887013244333
1.0,1.0,1.0,0.8677169182669304,0.0625351143269911,-0.4216880211489014,-0.7536673798674487
1.0,-0.1215201749616962,0.5689356562440238,1.0,-0.6296507896853113,-0.7741716801274673,6.1764305323796815
1.0,1.0,0.49597708499169957,0.7894691498749393,0.6835222906925384,-0.022023066111639622,-2.956138248378803
0.7072273696912463,0.46971449686293326,-0.7227315819495748,0.46991668974985246,0.78215343305777,0.17633439734799716,-0.9585333310202538
-0.11242681046733272,1.0,-0.22954033901365178,0.20912494990019226,0.3533947705698445,-0.4327536035762489,0.06801114824887622
1.0,0.014452572200334801,0.5682149335139657,0.7128707093169426,0.5045461416516228,-0.16276760340309404,-2.338949184389131
0.03257878234325734,-0.6440827875990847,1.0,-0.16690958286647506,-0.29112323345535235,0.9537711785375527,-0.964723881095047
0.45953586171598193,0.19025324477874994,0.3030160860157365,-0.11599426249957628,-1.0,-0.5606133916300768,2.71246386144849
1.0,0.8752487278865551,0.1306057762435503,0.05956587984262218,-0.9181577191736525,-0.31611994840739555,2.3853750901771926
0.6093021706657348,0.7251153987637116,0.5403806941160019,1.0,0.965824587356502,0.04060888436830212,-2.297432957027069
-1.0,-1.0,-1.0,-0.08467418176472183,0.040779743751736874,-0.6527158528596331,-1.3874743489954975
0.27949060644042034,1.0,0.3201839235742936,1.0,-1.0,-1.0,6.279435599835034
1.0,0.6319978699905041,-0.26159270763501163,0.26612812484819437,-0.23936342085020107,-0.1618850882428034,0.5515272839194938
0.5996113443319273,1.0,1.0,1.0,0.5533894320504344,-1.0,-2.3158897415762274
-1.0,0.05916077528278578,0.43889406586097574,0.21132032706319254,-1.0,1.0,-2.625212661083278
-0.7655455467286763,-0.36644915492332175,-1.0,-1.0,0.529620299538255,-0.49501479967107154,-0.4714588568433904
-1.0,0.4047122598547077,-0.44225360930140584,-0.35710774548831253,-0.3843989626381208,-1.0,1.821493807562924
1.0,0.5404607409802749,0.20632012873654387,-0.5914661212298076,1.0,-0.2642953202827607,-1.812483532911611
-1.0,-0.22774897800078442,-1.0,-0.8119460508330969,-0.14793115729946738,0.5251538546130214,0.10887655469566698
0.003436811190745903,-0.34533627654911425,0.42232034555126935,0.6776574009911824,0.0006633411581977722,0.09462056374944128,-0.1158884220750927
-0.2397702969744414,0.678974930945135,-0.47784098796538876,0.012359013604171881,0.4567600243791812,1.0,6.2230777728134266
-0.09894529368558402,-0.33631997040078154,-0.012856192621565676,-0.2314256952713547,0.11273836861910294,0.7189127486630975,0.05981420922170333
-0.14550394687125467,0.49372752850606016,0.13510579897081754,-0.47978399995957954,0.3819860065998416,0.5954944550949032,1.1618903862856973
1.0,0.14577723303983792,0.002365234983425335,1.0,0.4688759311476228,0.2843669947371712,-1.4094271797604785
1.0,1.0,1.0,0.04832781710639322,0.5075910926756809,-1.0,-1.5012321478336574
-1.0,-0.20634078608941064,-0.6730403899457265,-0.4742152178217063,-1.0,-0.5915945029570261,-1.4939657372668398
-0.5620420411507889,-1.0,-1.0,-1.0,-0.3218506892815325,-0.07362184791318198,-5.118649472451733
-1.0,0.9810323638772376,-0.8503033038641741,-0.8100625008358496,0.613613916785418,-0.17680618180731833,1.8385887903693106
-0.8943754616079284,0.2884203495027212,-0.27465518022956725,-0.4342621391233519,-0.7995018859180509,-0.8255450393976724,-0.8087103846492307
0.7438373792152635,-0.19067199409027713,0.36415166251538367,0.7839666725121808,-1.0,0.6614802594675533,3.272569679441452
-1.0,-1.0,0.0825234431074788,-1.0,0.9985043987129822,-0.6572253414439071,7.37418228516114
1.0,0.8278820073648806,1.0,1.0,1.0,1.0,-8.839639895428942
-0.14431408914033014,-0.4622229810526224,0.08629066348468606,0.6035196309774423,-0.22712762085794203,-0.6625675885090573,0.23432182692222092
-0.12619634182118017,0.4362847192856978,-0.19917305787807565,0.567847289589728,-1.0,-0.5816400960817709,0.6777048341698462
0.28034660539458744,-1.0,0.5707200376285487,-1.0,-1.0,-0.6095565000300049,10.497321508828625
1.0,1.0,0.70348810518681,0.29263967603692487,-0.6103274782600169,0.7443431477867438,1.1274529051783437
0.5904838220524871,0.6736485140044242,1.0,0.0629952445912163,0.6986156368140284,0.07902719636317712,-1.9635789713266087
0.5089900548092541,1.0,0.8948217412898646,1.0,0.626255967548581,1.0,-5.432944181831453
-0.3645384791820423,-0.2328666957411205,-1.0,0.6551406435587168,1.0,-0.28250515182739555,-0.7045182419535664
-0.4695035338103395,-0.18263771722830613,-1.0,-0.6438148177596119,0.3808000036644503,0.5261341770827807,1.1253285875790062
-0.06853685142590404,-0.4550204869930695,0.03298980776022009,-0.9386227685659013,0.0982551363025298,-1.0,5.067560557866541
0.3197133399155894,-0.6022044860899147,-0.39585529688381355,-0.5287489869918719,-0.7977958420380897,-0.11069164426565803,0.6984157241099999
0.9517531181264592,0.9921466553257561,0.9685841123874268,-0.19198088477133643,-0.9400729095111979,-0.3376473299347551,0.3248885634240054
-0.609040637642172,0.36383497564779566,-1.0,0.7051234780135234,-0.35060138451672973,0.5441054829038782,1.3642778725294986
-0.06093321827392273,-0.8533340248784076,-0.12474532754865188,-1.0,0.7392845422781503,0.9072803842474197,-0.2304564041095976
-0.43200249978178706,0.6182202863431855,-0.9972500440559173,-1.0,-0.29817180737224497,0.7268156541490538,4.592267765277159
-0.8531955481823037,0.09016115899565569,-1.0,0.07575847487932377,0.6149743220384749,1.0,8.394051793570982
-1.0,-1.0,-0.2519393425375586,-1.0,-1.0,0.004864176674850645,1.2685397305586648
-1.0,-0.41627787296944735,0.7813183327200026,-1.0,-1.0,-1.0,1.4959025006457853
-0.21137103428445325,-0.01499956738414665,1.0,-0.259606310758892,0.541309808337596,-0.8712574372718855,1.9040896185334777
-0.8925189540786482,-0.6127719425354232,0.13248635384937277,-1.0,-0.24883086502566787,0.08894225480671086,-0.7814823645725263
0.649997983663593,0.2958099405540391,1.0,1.0,0.8599481119599666,-0.611161232959704,-2.5134568516247295
-1.0,-1.0,-0.11875471649730285,-0.4274356359756649,-1.0,-0.18287933178169147,-0.957527177954193
-0.004885762934416504,0.6051368273123556,0.5422254259096495,0.015000713527171694,-1.0,-0.020334360456962797,-0.09973077025365873
-1.0,-1.0,-0.6219626885003113,-0.2903051535725678,-0.8802011289165516,0.44745048997960973,-2.9273501690608468
-1.0,-1.0,0.012376960142365223,0.4105025615567825,0.7589347969312491,-0.28623844077574645,2.6283188636423396
-0.389538930451365,0.5609955249308358,1.0,1.0,-1.0,-0.22291951787889974,-1.1321159631764464
0.35636701978904095,1.0,0.3215822950226088,0.2860836019655104,-0.9390836880983439,0.4325049336050295,1.2236517857895306
-0.9391820377541511,-1.0,0.5733496765824335,-0.6085018021219095,-1.0,-1.0,4.5806752307221466
-1.0,0.3000989147415241,0.40904084140357855,0.5374637166650984,1.0,0.5568205141579017,2.9615537930261593
-0.1522129246729218,-1.0,-0.10269390410228363,-0.534556045741202,-0.882092972578329,0.6737957650702968,1.3278613311364054
0.048720089010239054,0.5865508176445371,0.04961088388810109,0.7310883041974029,0.40638778717575075,0.13701148988342948,0.09722604848411116
-1.0,0.09374892909265531,-1.0,-1.0,-0.27923538424212047,-1.0,3.627115885035648
1.0,0.6055907583736282,0.028312062640497127,1.0,-0.23474735049310946,-0.02828685606300052,1.1155513598032347
1.0,0.7794528111742793,-0.4908042984105385,0.009738057641456105,0.6957849310655061,-0.4610533888037619,-1.4081084967379085
0.3513678537881373,1.0,0.8942016922321099,1.0,0.4678261755586999,-0.7058809399087848,-2.7203007495692497
0.09136579100864017,1.0,0.5173675038400203,-0.9089084546296521,0.9440360570208304,-1.0,-0.6647327902007236
-0.0365504358139519,-1.0,-0.05837876045413074,1.0,0.5115298781276723,0.0276628744419245,-1.65317650082331
-1.0,0.40708951174500235,-0.4664712337529703,-1.0,-1.0,-1.0,-1.2755427085912048
1.0,0.20340042701514305,1.0,0.471796783032852,0.6593153687815769,1.0,-4.7869135308465545
0.8814576540914585,1.0,0.8662268230635582,0.07758865367413792,0.2998876492939285,-1.0,0.06607625415063889
0.5087784651761491,0.003576989009554832,-1.0,-0.18967558768302947,-0.11220484640310152,-1.0,2.376512768667377
-1.0,-0.3719608256098132,-0.018597197271063903,-1.0,0.38216657660630426,1.0,0.9747736889510276
-0.30256611860668403,0.23030727912866245,1.0,0.1602483588127861,-1.0,0.00025844583150610653,-2.073024137962534
-0.6138197901858424,-1.0,-1.0,-0.3430892407086563,0.774150005915274,0.7188464190764774,-0.5700079080557628
0.8553969403533124,-0.24991007737992355,-1.0,-1.0,0.18100984354405003,1.0,1.5294919870367507
-0.9275701829129248,-0.34613331355929455,-0.7246700618212246,-0.39216437521029546,1.0,-0.24426185801923483,-0.2778303000353871
-0.07405360410695427,-0.09448959528583611,-0.8975269979035847,-0.5914248766352317,0.656304271373144,1.0,6.310592901585278
-0.5288933088013036,-0.44483565701240957,0.26823461538762366,-1.0,-1.0,0.5161910033460796,0.6691285176475191
-0.21471579769787452,-0.3517794604168718,-0.871227695726924,-0.3846295402247245,0.01587783173938556,-1.0,3.9003320762375875
-1.0,0.6618318554397187,-0.7963911678875456,-0.3977160909329173,-0.37383264582620246,0.4359573306517018,1.0118858182483583
0.4268459798351674,-0.307821745801577,-0.8779996604904097,-1.0,-0.7146593801427504,-0.8865093890180349,3.2935190956467078
1.0,0.7454679298822209,-0.18011343643477082,0.7533740573802316,0.6942797456296461,1.0,1.0030222946725589
-0.8814955901192457,0.7458169050151011,-0.747544304430207,-0.8087347270086147,0.895353220408021,0.4950959415711106,5.469903504278028
0.04290014736410509,0.606501387172049,0.5270744488136906,-0.3544162398052434,-0.698547923559729,0.568777840996634,0.6744345994702812
0.31122509195960274,0.32599618664025676,0.08780149879636429,0.4234219806915569,-0.7680046194646097,-0.06547990026814632,0.6616295883434185
0.22717356768555597,-0.8831129469949823,-0.0866905341569334,-0.5604007128483695,-1.0,-1.0,7.277744936545977
-0.4683828560833605,-0.8696565089915024,0.7815258901715253,-1.0,1.0,0.7648230332292214,-1.0612338428090877
-1.0,-1.0,-1.0,-1.0,0.1564295423542097,1.0,-2.2715447961526563
-0.5739909527614397,0.9981956248696329,0.0736791714331031,-0.7576367201760708,1.0,1.0,8.119789500789016
-0.45617129581063365,-0.10534392542863225,-1.0,-0.40577060876935106,0.23415382072044075,-0.11315166313409541,0.2687080992207743
1.0,-0.28777750293372645,0.5287496588270224,1.0,-0.19164402450160822,-0.26952693551772455,0.823377039531545
-0.18486203691764735,0.3391819832658547,0.3245492620595376,0.23441534763817296,-0.3271025201131349,-0.9475446846637657,1.9608262705251533
0.6677534167862955,1.0,0.21012369975193912,1.0,-0.3942637320705298,-0.3273118281190681,2.09453916880526
0.852022332377709,0.33197491135861446,0.06502709889961178,1.0,-1.0,0.5072133812231179,2.820596968570243
0.27330545258795147,-0.6686662656345626,0.46080432662321646,-1.0,-0.5419042269734118,1.0,3.372215965628587
-1.0,-0.33345632919837837,-0.25281068915639693,-0.5843214953784597,-0.656364555125865,-0.8678156450534839,1.2162443249798165
0.04884757873432033,1.0,0.29462759461484134,1.0,-0.73512261431778,-0.827359603605632,4.028418686253355
0.47733964418303054,1.0,0.6838933727881484,1.0,-0.09573947070877253,0.6211936206720584,-1.8397679604436263
-1.0,-0.5493898689400938,-1.0,-0.34409833046384547,-1.0,-0.7007787098593126,-0.6819364458474642
-0.7646281581442322,0.5281188462606676,-0.765410618469919,0.01986257478589437,-0.4369878128096458,0.7555177058241551,3.337073362112854
-0.09024537169780539,1.0,0.7273896227463521,0.26654695108768983,-0.9009518103436321,-0.6302321444578244,-1.705120737941243
0.5788410260649604,1.0,0.14229329507306937,1.0,-1.0,0.013291847464566575,4.648028642139007
1.0,0.030369567349533444,1.0,1.0,0.36966435705602996,0.6963871411473055,-4.137190329897664
-0.05093566706496189,0.608269629792414,-0.09382738442188526,-1.0,0.5122147299267301,0.27359418817922476,0.946176449092861
0.7939566093247663,0.38392851415883145,0.6207423050956734,1.0,1.0,1.0,-1.5295586258716876
-1.0,-0.33117332280222356,-1.0,-0.019886723994443578,0.3440945962773869,-0.5056082772837107,1.3078835791644419
1.0,0.44087894352278245,1.0,0.11980458152610407,-0.12192023560749321,-0.29610544314712994,1.690573655530408
1.0,-0.7576116263943689,1.0,0.19343631516226506,0.3666540221208053,-1.0,2.5521753866491155
1.0,1.0,0.6278416560593827,0.4716006471220948,0.7692385661908232,0.8338214794389034,-3.6316078364281816
-0.022608317832532032,0.7609490466477624,0.15601678876845768,0.08544750139737223,-0.49720512629211466,-1.0,1.848875205545176
0.6910802818892225,-0.5595203084681667,1.0,-0.31021531502679084,-0.18953296615680149,-0.6046785357387965,4.179519234918097
1.0,-0.2777732526401341,-0.46924273587113197,1.0,-0.8501890824663,-1.0,7.078263454018053
-1.0,-0.5853113531130039,-0.1392375468346263,-1.0,-0.22163115856126298,0.12921710273806675,-0.9249886628542716
1.0,0.6325181568230491,0.480025949102141,1.0,0.24808329444653282,0.21268691782778743,-1.9179446578398651
-0.2668144295098088,0.31021652279899775,-0.05263891224533168,-0.29912126658721006,-0.3729974584965545,0.7831391768461711,0.022097204604095477
-0.2788406671902931,0.14566334844492035,0.3160655165701868,-0.3228517769773737,-0.42251230541234824,-1.0,2.793588178443872
1.0,0.8819537562678142,-0.13169853644055318,0.31003208617738076,1.0,0.6534676113896837,-0.10704422245748246
1.0,0.29982417614748114,1.0,0.1906170655842505,0.32864660544739155,-0.42605684699921015,0.19248127014747668
-0.23689645540554288,0.4713768002684178,-0.06918637716267408,1.0,1.0,0.558881131593904,2.3221102732712793
-0.40735923258031415,-0.14159348874312674,1.0,-0.18388461896739777,1.0,1.0,-0.7949999714457889
-0.6990193540954875,0.6763340460260803,-0.4702553596660406,0.0748807920371255,-0.8004945498396934,-0.4316222446246605,-1.328369921089205
-1.0,0.3844643305768688,-0.972035938610599,0.13932361361619033,-0.6284081403211953,-1.0,4.237563289347628
-0.42291706663934875,-1.0,-0.28358316524000543,-0.22053789692895692,-0.8665326960651897,-0.17386606710227848,-1.0188837524358507
0.3875127387419677,1.0,1.0,0.08042671338980867,0.6885382527632493,0.6860957932089238,-4.220338768448787
1.0,0.35941667970608504,0.5408520560131929,0.8322868419079136,-1.0,0.4448415265371378,2.842232644877877
0.41695440549654594,0.706779488423251,1.0,0.6370413716005134,-0.727559872985696,-0.7245607719448592,0.8628109688739729
0.35763876143362533,-0.15479850946244633,-0.5237148028774241,0.16014209143245592,-0.23488176948863287,0.8369689088940074,2.6838211490801815
-0.65690457168343,-0.3146427830736058,-0.8292432385288974,-1.0,-0.27759731891917516,-0.10830636035686034,-1.6440843102712144
-0.7157181181327945,-0.3213153889507441,-1.0,-0.8058667949046121,-0.32532615223053796,-0.8045569817195488,2.7845499261122226
0.5823122078136946,1.0,1.0,1.0,1.0,0.6384141332652723,-8.445186459646337
-0.1674672937096341,0.10829899884740526,-1.0,-1.0,-0.10478116978340224,-0.3538490695683602,-1.5487789760909945
-0.07875754701940674,-0.20318598134186938,1.0,-0.1417850504333487,1.0,0.6026824708641312,-1.832963004827363
-1.0,-1.0,-0.07677890719756615,-0.7962889198850495,0.8186717571123335,0.5337272528374659,0.4700234765851431
-1.0,-1.0,-0.6218404347063713,0.10119483065691603,1.0,-0.5298391414099369,0.9924728433820953
-0.18299192870122272,-0.8381246105925613,-1.0,-1.0,0.5247714918893515,0.5163712067596564,-4.2581482455567095
-1.0,0.0657891772878122,-0.7313172484319731,-0.02339600312469553,-0.5987090456674624,0.552116753375987,-1.0777413953264738
0.5375299363073109,-0.5553792612577282,0.08931632890841862,-1.0,-1.0,-0.11163976092485284,5.111396240326068
-1.0,-0.7792297012447975,-0.9855847758114495,-1.0,-0.6929020780032624,-1.0,4.647136969779555
-1.0,-1.0,-0.813001112148023,-1.0,1.0,1.0,-0.44260476573201935
-1.0,-0.3839449397648731,-0.7807241409170876,-1.0,-0.7013207934348532,-0.2879156899505376,-1.299820464936468
0.12200589659497496,-0.9871723772538121,-1.0,-1.0,-0.7312353574027962,-1.0,5.1242671325088525
1.0,0.4159242771120202,1.0,1.0,0.27485511620647873,0.028911506361302353,-2.1022541444842684
0.6859633099312712,0.7614201383244137,1.0,1.0,0.5807824367058652,0.8625036028085276,-5.73661564251853
-0.0027676956099172423,0.025613636192390328,0.3077423554190972,1.0,-0.417435964566206,-1.0,3.711406816955461
-0.787680865287232,-1.0,-1.0,-0.8091257920393684,1.0,1.0,0.7437786050061149
-0.39594528496853465,-1.0,-0.3715208741417686,-0.2905245451068499,1.0,0.3544291726406861,-0.2489149939254981
0.5775581455291294,-0.3176239389121014,1.0,1.0,0.6667401361273111,0.27069683622317964,-3.136055533526873
0.14515375337802688,0.2683430897623735,-0.32135102433449836,-0.889953343547391,0.10906813921635987,0.7062840240903322,2.266283506961466
0.1571171387684671,1.0,0.1636272840042568,1.0,-0.583976696292538,0.24033454913746766,1.634724858796535
0.8091905574081913,0.7180956129021312,0.8309162978411152,0.7118172674470059,1.0,0.7257554066585696,-3.595321991983292
-0.1533026047893449,0.10363397189940976,0.04731219212429743,1.0,1.0,0.7648742486404726,3.4804574690125287
-0.6682009413071713,-0.12136839351457374,-1.0,1.0,0.41189885795460035,0.12402682786204011,-1.1416928920541691
0.4630023719132729,0.3161294725772197,1.0,0.15074768387394744,-1.0,-1.0,2.6700636096504367
-0.6438492598754095,-0.9892286972823426,0.14471532258002015,-0.025650451125056116,0.45130098616531855,-0.49252004202722016,2.335880533990398
-0.42165956057217024,-0.19878019826439042,-0.18389493311529925,0.9360167893020781,0.427905926637847,0.19861350418299606,1.2310125983005729
-0.5342224518335921,0.17303990842465053,1.0,-0.12069637903592068,0.021779768973596347,-0.011620517176911163,-0.21301848954917196
-0.49572055574881585,-0.7384084130411663,-1.0,1.0,1.0,-0.48077620723535364,-3.2368145091371496
1.0,1.0,1.0,0.7979790895773862,0.43490170832678465,-0.13991497856063229,-4.573572486674796
0.8547853276744974,0.4067824054785445,1.0,-0.050856651370041805,0.7894239804277268,-0.8247903196645286,-1.8892952624269856
1.0,0.11305533014422653,-0.7098041744842901,0.24038896984885383,0.964957816531363,1.0,0.19394485118943927
0.12326112156801476,0.8672991123526004,-0.5152085522966222,-1.0,0.5556195492064055,0.43128495323808824,2.0271484751202453
-0.24487379799197082,-1.0,-0.44363547352277855,1.0,1.0,0.47471301152581835,-1.5423046964941964
0.23003651179274598,-0.6466432360924754,-0.5780585063723169,-0.8598232036444335,0.8211967433879248,0.6900347366931453,-0.6254382181135317
1.0,1.0,1.0,0.16435933615540277,0.8233844291366398,-0.48752300534521353,-4.168277908703611
0.7283375972272255,-0.09679470042046284,0.08489226721033061,0.15582672831484862,-0.6082332397865693,-0.9433549775353585,5.240222238018462
1.0,-0.4355487401169442,-0.5269249893613175,-0.3873182667538921,-0.902974135583585,-0.5552263246499944,4.700050981587181
-0.24811656947162042,0.48264206032994655,0.13436445729374985,-0.02608543993695467,0.40597930301783736,1.0,3.3139180432318587
0.8095036444223438,0.4393120061440825,1.0,1.0,-0.15716454026767054,-0.983886560453143,3.5165903601524007
-0.36017683433463044,-0.6370287470727696,-0.5019106744684843,-0.402347813032787,-1.0,0.15063197968047692,-0.6254477357935668
0.367833761204742,0.2851746803355526,-0.40861197125923227,0.6214354954764316,-0.11519711288735901,0.5227327353402222,1.9688507491392242
0.9605062149612529,-0.09846817458210988,1.0,1.0,1.0,1.0,-5.649155243967628
1.0,0.16372168161151518,-0.349461773021321,0.8647296010475102,1.0,0.5590853223733625,-2.4326221645014487
0.1382618191964664,-0.47643435029146675,1.0,-1.0,-1.0,0.37107182152351836,1.2813232884734536
0.21362004176514593,1.0,1.0,0.2391098931461697,0.8256675474836703,0.9160861198821288,-1.9651630042407175
-1.0,-0.64128463601771,-1.0,-1.0,0.14014330686917237,-1.0,4.177131333930905
1.0,0.9766379659258202,0.269054542693109,0.770169654586431,-1.0,-0.6198276409565806,6.145808397674246
0.4181485243010308,0.49098556613874855,0.045570897027612745,-0.2535787019055794,0.13658091669849037,-1.0,3.3571375626315993
0.8473906567572023,0.9904752349024406,1.0,0.15563396481915714,1.0,-0.4395259184636551,-3.572944381937559
-0.7686462216698098,-0.3940640629422111,-0.7378907877424223,-0.21925552802280746,-1.0,-0.6904641623879316,-0.9654772491867194
1.0,-0.6465040041272616,0.06079368581944844,0.19132896521886705,-0.7824810888472337,-0.46928593034223987,4.239960218081833
0.9293978413526487,0.08594706167175659,1.0,1.0,-1.0,-0.29516086298238087,5.073840001556573
0.8338947729177864,-0.1125830494225224,1.0,-0.3047452410568824,0.3729953943182344,0.899506414114201,-4.178561320595729
-0.5600192833585617,-0.49321598116435905,-0.17308171312759624,0.7418650354364297,-0.05995146433759313,0.41406387409383966,-0.7725657543936721
0.30271121326767414,0.9212641899764383,0.23170002061694653,1.0,-0.3960478339124506,-1.0,5.040472627136538
0.05532910177693817,-1.0,-0.2898934928127005,0.21858974405391635,0.220653983911268,0.7281828039864667,-0.17173745037970167
1.0,-0.7477226516518845,-0.3500798169812924,0.6643968856943883,0.9632632530956586,0.9428293937559775,0.3005512255176858
-1.0,-0.9582652628756223,-1.0,-1.0,0.26618931973499416,-0.12159168482303595,-6.850165299659445
-0.8093108972721939,0.45409761986090574,-0.9460030586089563,-0.09158648929086527,-0.07436418115406351,-0.990025368700425,5.812085287717913
0.19784239118687602,0.2937231643289305,0.5964286304909631,-0.49448342509976567,0.9727456463502884,0.3531257788921305,-0.33628624749301483
-1.0,-0.1228700697968712,-0.42421049991427795,-0.0028969975198256392,-0.4217595152812587,-0.959020365280414,1.502593652290706
0.16245187839697445,-0.9964726631548251,1.0,0.35488074630791255,0.6314374531547955,-0.239455134245731,2.377620289776167
0.7776954432515876,-0.7373794250359303,1.0,0.35709668200543176,-1.0,-0.8443416730394097,7.755681253457501
-0.5484563561556278,-0.5895333616087303,0.9303274012931676,-0.5313867878330263,-0.8350525526821502,-1.0,1.3881924662802172
1.0,-1.0,0.34620559426488395,1.0,-0.7720950008963067,0.16179271586806182,6.246368000108257
0.31766374763454575,-0.5094012873081897,-0.27992576785700174,0.7996122978528682,-0.20908886140694993,1.0,2.470825478911534
-0.07659986894450421,-0.877251216199651,-0.17028382697308886,0.8032190603009124,1.0,1.0,4.973870507217397
0.6588360336852446,0.3248124309188566,0.943315905639224,1.0,-0.1289302230335645,-0.009367348982012969,-0.24082979720502706
0.3799954475461859,0.20625137959091622,0.35344942069337926,-0.3083491139617437,-0.8623124637015277,-0.16822390013634747,1.0522906756472945
1.0,0.6557726370311665,0.8344261230720561,1.0,0.8566169986424849,0.792523425585624,-6.478725252957411
-1.0,-1.0,0.06161805497108397,-1.0,-1.0,-0.1698630745178254,3.2542516144402267
-0.568810352589014,0.19660946550977765,1.0,0.403452638835259,0.25285973225924185,1.0,-1.7226236856669748
0.3140224551098536,-0.30512080655201596,0.2655828101185512,1.0,-0.16003544483060783,1.0,1.4507157117321414
0.4991160312793548,0.9875576893951052,1.0,1.0,0.0688752533422487,0.6878553765985418,-4.497713905577758
0.5424760677447845,0.0643064665186408,1.0,0.42659604135844004,1.0,0.34942266952138334,-2.8528309821875726
-0.916975380612876,-0.9087706424718067,-0.8223762045858027,-1.0,-0.5544411964122423,0.8874406073456595,-2.781986848544178
-0.8046883093411359,0.6935735216303073,-0.7873854393751943,0.13398541179305026,0.6313443697107608,-1.0,4.729618284247613
-0.7053527801037394,-1.0,-1.0,-0.9446605246053323,0.07945703780638652,-0.26575902731385415,-5.0370826588326265
-0.5955547846375202,0.6198627577139614,0.7341402137100257,0.9644824331853035,-0.04221834560290197,-0.02692147054329938,-1.8835849771231772
1.0,0.8156009186087627,0.09702366773605244,1.0,0.1447730957939245,0.36153558561665533,-0.5670086606948039
0.04406023807804722,0.36517588760069175,1.0,-0.8216982718521009,0.9712596819185463,-0.20177228142205533,0.0446334900287943
-0.8276468618811598,0.5716000609971881,0.35489336519241577,-0.606493948667449,0.5021839133910166,-1.0,3.019170308885005
-0.4711132296349283,-0.001003134763141303,-1.0,-0.18930504873398946,1.0,0.06384325446950512,-0.2863509472401516
-0.5075946502987585,-1.0,-1.0,-1.0,-0.14337599948276497,0.24066596699663606,-4.817275077162553
-1.0,0.6403145328576005,-0.19139792319364757,0.8630057489877754,-0.3311121076329788,-0.5590967261335316,0.014159943262217423
-1.0,-0.7479579805453274,-1.0,-0.7760235880587033,1.0,-0.39463136517179753,-2.7974570384242683
-0.3514469044515169,1.0,0.784925521442823,-0.6388825851270846,-0.8112883102513921,-0.4422318481010757,-3.785884804552521
-1.0,-0.3542460961745204,-0.8107930448785499,-0.3908265092814347,-0.7307036079752396,-0.25093649177727995,-1.9675285954815507
0.2662799710557427,1.0,-0.8505140345335193,0.6639438867586441,0.5780378478898397,0.6685331433816603,3.572541532075768
-0.31672516643137566,0.710753314527738,-0.2298263960168489,-0.35776763948446155,-0.555544947858218,0.38669683975010594,0.7991014215560018
-1.0,0.36452368622831005,0.06366698142682337,-0.2682724415642572,-1.0,-0.2515208244225187,-1.668067027103715
1.0,-0.48458641059494023,0.6513143752419328,1.0,-1.0,-1.0,10.105271422928821
-0.4966100089769824,-0.7705147532769248,1.0,-1.0,-0.8896633231042897,0.34779075059272246,-0.5290715670783336
0.5529147924754931,0.4121101561322045,0.27252549916955693,0.9671244935248486,0.9993818547960722,0.1264769694609409,-0.9650411889374646
-0.920671220024699,-1.0,-1.0,0.4101032717669939,-0.570260694578557,0.30100946284907837,-5.29403393367638
0.7068919463099436,0.9004112511502506,0.2511258663407514,0.7318889725597422,-1.0,-0.3145371491237898,3.3802738705215365
-0.5760151334013038,-0.501576596637999,0.15322791658061352,-0.427606265175338,1.0,0.09855525042485941,0.9383951343614302
-0.1718550159578698,-0.9552190257371866,0.95666433717527,-1.0,-0.6350628771497606,-0.13490380758894488,4.211961678902654
0.05137806528290345,-0.23521679769021797,0.017567240744055246,1.0,1.0,1.0,5.343427814509224
-1.0,-1.0,-0.6249666091464281,-1.0,0.8689472786275038,0.14346447547725025,-3.2444505680783045
-0.322423315648922,0.6182374690290688,0.6295891568741818,-0.5257969995818159,-0.688207990616341,-0.31020490182462934,-0.389934367443157
-1.0,-1.0,-0.1959254595160126,-0.7817986194689187,-1.0,-0.9881574460874608,4.204215997454523
0.24352922067031252,-0.3578071062894058,0.45332704640112464,-0.651408350185223,1.0,0.10500696042090546,-0.6809726273880686
-0.5381516642422239,0.2437093529823494,1.0,-1.0,0.06996592755723469,0.9952618974816368,-3.586744181999144
-0.05754959818203287,0.9323025852702947,-0.010660583840993554,0.755177734363466,-0.6828076648117514,0.7844434757088605,1.5922030573749442
0.9139807026897725,0.07605415091924034,-1.0,0.6092085381182681,1.0,0.975124995856645,-0.11894674521623894
0.10883512329227268,-0.7667819314790416,0.17541349182946725,0.9253227188088302,-0.5486049512624083,-0.0547618986413565,0.7922235596961733
-0.4173644684800666,0.4527972039748177,-0.1886772133912462,1.0,0.015671687281795355,-1.0,1.9321562598087172
-0.8805451013851253,0.6930215185915198,0.28219788152750397,-0.48837928497810135,0.8275677823771004,-0.003391029897177933,2.1433492102562925
-0.6797925147117967,-1.0,-1.0,-0.0899343645905557,1.0,-1.0,2.2134705791098854
0.7537815385499674,1.0,-0.8072289705244636,-0.8919999690732413,1.0,0.4902406225316599,4.4802696684265975
0.34258198369348786,0.15426762332177446,0.5354834617530843,-0.7081138552995201,-0.126605532741198,0.5478818227407172,-0.049557756739585346
0.6265330474944861,0.7095687848990515,-0.38699615149636646,-0.6670510076243182,-0.37677662609441964,-0.0068285335408405645,1.4520061373555802
0.45615993922501313,-0.01263173473840068,-0.664460929104858,1.0,-0.6439534978649658,0.3423786436461041,0.4883908055506536
-1.0,-1.0,-1.0,-0.6702432140518797,0.1046800497111521,-1.0,4.258446916067676
0.727071175236924,0.5911765268540019,1.0,-0.30531880886011353,1.0,1.0,-2.859486804137466
0.8261414741592357,0.04763854071735385,0.3284478968875578,1.0,1.0,1.0,0.6547962408591173
-0.19120502628026825,-0.18593869443913014,-0.8385958801561052,-1.0,-0.7058419200918702,-0.6163512949400998,-1.4223240089298175
-0.09692301421912511,0.10168155571890497,-0.0439706989814268,0.21441645561925274,-1.0,-1.0,1.0048284630382325
0.2942862580859983,0.12176151519338335,0.717713150696708,0.14945436978490978,-1.0,-1.0,3.0752201178508205
-0.16941580764004138,-1.0,-0.8783710482390802,-0.8879943509844985,-1.0,-0.3037912872729817,1.835473711666721
-1.0,-0.7423067843602841,-0.10853460635644424,-1.0,-0.8065648985954406,0.28838961067133095,-0.6853679728047222
0.6555225990421756,1.0,-0.0638277880265391,0.06903236997479656,0.4252048503493735,0.43653366480441685,-0.3997658774545094
0.5742287332358382,0.8553435530959528,-0.11845118207579414,0.47859670215952943,0.9877356555008772,0.16674937918153887,-0.2669997475826603
-0.8513780789920338,-1.0,-1.0,0.17017871452346495,0.2560019708796679,-0.3240367360112997,-3.127670780350236
-0.7088183407593864,-0.4037683306512412,-0.6800057624613495,-0.8326123621866917,0.370062688469468,0.8165801111726034,2.655198730840262
0.24123767816520558,0.5874794862621033,1.0,1.0,1.0,0.34665431245381906,-4.180041965199902
-0.5271654025933009,-0.4891103953004503,0.18354054523892716,-1.0,0.9375184319178503,0.7485832606373253,3.100774587954218
0.8907743813585474,-0.6861968170064945,-1.0,0.4422475007471014,0.665836849334382,1.0,1.8591761108352343
1.0,1.0,0.1414385969861215,0.28413925381497374,-1.0,-1.0,5.707733535087709
0.6189544085350851,1.0,-0.7066085513783857,1.0,-1.0,-0.7350870809223284,6.912267782543694
-1.0,-0.363245580162467,-1.0,-0.05403783558301245,0.18563131465391547,0.16959950085194175,-0.8527399802074244
-0.9026457387081013,-0.4948852929397223,-1.0,-1.0,0.7079788665103981,0.6628341329900718,0.2243096547146947
0.6295357593185809,0.5174065956822941,1.0,0.5893957732672568,-1.0,-1.0,4.39384170094276
0.46839153255605326,0.3210403465902494,1.0,0.8384922176703229,0.5702438749335649,1.0,-2.990335356825504
-1.0,-1.0,-1.0,0.44148205525012896,0.7248470059543142,1.0,4.199535874280909
0.7862221991272578,0.6965698154955483,-0.5954096816407275,0.8159085628512145,-0.20479861928667017,0.7602953984525698,2.5060923076048764
1.0,0.844975568752178,0.3297754243310002,0.43529963241826725,1.0,1.0,0.0967150467791375
-1.0,-1.0,-0.3646686315542796,1.0,-0.6646536225384723,0.10533589363502996,-2.2046914140253766
-1.0,-1.0,0.07910076648043951,-0.1931838501077725,1.0,0.3928746716580205,2.275130306157573
0.07130481400431116,-0.38068488402328887,1.0,0.09176884557567419,0.6190119564285551,-0.18557912881989908,0.17643319987784542
1.0,0.32093166813866203,0.21479271060338512,0.9505432852003881,-0.5047471768582903,0.7275306820707697,1.6035921373398094
1.0,1.0,0.663222037432351,1.0,-0.8042960015290924,-0.8814996056151608,9.139125894350647
-0.1576358362646808,0.9356637560259744,0.18465702972345244,0.8186701071531772,0.273834103704711,1.0,1.7575584748221549
1.0,1.0,1.0,0.25875571972397726,0.7716307986150294,0.3287462537049941,-5.3885139062725615
0.5539772401932791,0.4353977977162115,-0.330910691516736,1.0,0.8577297220469924,1.0,2.6418835854114464
-1.0,1.0,0.8587521867447593,0.4935775413683197,0.3589905175342205,0.2860031235418916,-4.017704853993724
1.0,0.11349298168260989,1.0,0.821207132966323,0.12007260508136228,1.0,-2.610033980215773
0.09543502278462879,0.48067558634273055,1.0,0.4917063143792928,0.11716149213346728,0.16193962568021758,-1.1507636559656536
-1.0,-0.12922846101927676,-0.33523822097678346,0.06542534803384625,1.0,0.9872774154717725,5.80707936729309
-0.5792140509069055,-1.0,-1.0,-0.49843091928022365,0.06307062366944349,0.05482117035900469,-2.8811809958614916
-0.5023987503714655,0.6078213832097208,-0.5090630631836403,0.22257401336769472,1.0,1.0,8.018119985920919
-0.33736378624027585,-0.875217914547106,0.621323844595828,-0.7391034911484231,-0.5319358509634932,0.25593115810358635,0.8215218995129262
1.0,1.0,0.8976660274421999,0.16719370417452017,0.17521254074966525,0.9100175122547254,-4.0743462999719915
0.2851742258789063,0.736817113970313,1.0,0.1680030758958273,0.23956190674909716,0.9349236313136484,-2.366783631198945
0.2487902713185559,0.8904224336362516,0.42350679254395285,0.44520034025202526,-0.5411852476471546,0.30922936577182547,-0.7682390726998807
-0.22447142170993134,-0.03861094939270582,-0.7583306495000256,-0.5603518420265869,0.4967908189789713,0.6521542696805167,1.6957889516525473
-0.6727973066811894,-0.4213721316196768,0.013896276640183336,-1.0,-0.7069297240497031,-0.2717859297399199,0.23565814007689911
0.004970309642626125,-0.8776370667054323,0.12509241705800211,0.6351263479590354,-1.0,-0.9348549529699546,4.021322879641219
1.0,0.8128938087164155,0.26347236509050775,1.0,-0.4423246147591062,-1.0,8.98239186492207
-0.2456110514766816,-0.4163977770255526,0.6536328696763838,-0.691410852471086,-0.9139729049289119,-1.0,2.672731378070707
-0.673415311465551,-0.26618488651145267,-0.15487390478316176,-0.40621303027873135,0.19854764081229703,-0.3939099176468302,1.3533479542637228
-1.0,-1.0,-0.22839069364946663,-0.7531932679318396,-0.4550821203559189,-0.7990539128497935,2.9096215908186234
-0.7736289677679066,-0.39661553816369244,0.11550656916754698,0.7035620227566914,0.8455867099478535,-1.0,4.457260819526086
0.2117440775049514,-0.012654545813984064,-1.0,0.5495356322879184,-0.8139006055898086,-0.506467846996244,0.09941916750009322
1.0,0.26206447895382534,0.49851951712964104,0.15617460501116298,1.0,0.2761524304743887,-3.553943293057899
-0.8669663845828619,-1.0,-1.0,-1.0,-0.7163871171816594,-1.0,3.8253005709279466
-1.0,-0.9505358991459518,0.7548643345490497,-1.0,-1.0,-0.027606205387947502,2.6016143687101816
-0.5149326522626164,-1.0,0.03831300687123629,-0.8104600594696032,-0.4441203281039764,1.0,-0.08113380300361972
1.0,0.19717518179068522,-0.3266780819093511,-0.11536340386705746,-0.33323907139593845,-0.8623508062125729,3.0635768329232578
-1.0,-1.0,0.20245187896570127,-0.9496962676481728,-0.0693585132223562,0.5808112581083443,-2.9003089953479417
-0.32716079595577474,-0.5308068024701499,0.012269400288118959,0.34991230324925565,-0.3987865698965739,0.03140614413250048,0.5525824477500192
-0.9281584703701926,0.4936152628776019,0.8518243033651267,0.11570270144578787,1.0,0.7722411655451316,-0.8052232087963792
-0.3479840929368516,-1.0,-0.2919804665469317,0.6359167992160937,-0.42164838789930936,-0.9462067043080419,1.2731649931211688
1.0,0.03770433754325753,1.0,0.2782939391588293,-1.0,-1.0,7.335815119849573
1.0,1.0,0.5487438035712497,0.6687917070128061,-1.0,-1.0,8.386980002006565
-1.0,-1.0,-0.20579530859348893,-1.0,-0.012547135488428451,-0.8275143451055201,3.138399032132403
0.2121307336901569,0.764247526765504,0.39434977276485694,-0.295555219417725,-0.6835544636925008,-1.0,1.1494825064706848
-1.0,-1.0,-1.0,-0.48169959165932275,0.3547273105357095,0.3500804489843637,-5.011545422598021
0.1776337199887228,-0.9848399359556179,1.0,-0.5572449161033325,-1.0,-0.9096179874742176,8.670065826696352
0.25886533540510936,-0.8814910827791176,-1.0,-0.49515884807800514,-0.5211595322228009,-0.991042159971607,3.769253207373212
0.4706670489980767,0.06701211287922593,-0.3440304904172009,-0.9808585720485316,1.0,0.4692119052494861,1.5130706099280966
-1.0,-1.0,-1.0,-1.0,-0.9076634516463826,-1.0,5.005797835435233
-0.24423400697584408,-1.0,-0.3542354494041517,-0.9851429159554324,-0.30444099052772855,-1.0,4.473146059536874
0.6418156367399991,1.0,1.0,1.0,0.1416093481844728,1.0,-6.882517668734488
1.0,0.1487120736317325,0.28696634201281845,-0.2284712434483471,0.6364104297837159,-1.0,2.562972566224405
0.5541931283241741,0.6880152975761231,0.0015622417992220972,-0.36644830296878217,0.5919580093650103,0.6224053736481454,1.2299160041865913
0.7388618555367201,-0.5427689774447946,-0.16301742955196719,0.44990254838057997,0.32257002106988836,0.3463814798643635,-0.07231380403321269
-0.04099696433562916,-0.31931459521840155,-0.9159998826184181,-1.0,0.3266737442095333,0.46089216102899444,-1.924926976405367
0.18173266019734968,0.01813071814692968,1.0,0.631731134555152,-1.0,0.29767572192346503,-0.1149254036649392
0.7274201848257104,-0.0332533194244173,-0.19757748318257423,0.09535840687261643,-0.6340645363021278,-0.7676455068428345,3.1464876390484138
-0.4345347686041391,-0.5108674029784801,-0.018790749738901685,-0.8631175277101858,-0.0276931768605293,0.43051038558530547,-1.4043626639762863
-0.8364654726332252,0.4654524269065209,0.3465735520006056,0.0965646187113885,-0.4854974834419256,0.12668824204155849,-1.4618703705728495
0.6958552941931939,1.0,1.0,1.0,-0.4999127173426825,-0.5331964533680467,1.2707339486978473
-0.5543116036758566,0.14654526018169567,-0.5017100540054208,0.07274721939830107,0.47450659611362594,0.06313530156091607,1.734632100367079
0.24930273444001705,0.24125138548477754,0.5374217462229128,-0.08308500436247593,-1.0,-0.1956696364718098,0.5246190333862616
-1.0,-1.0,-1.0,-0.2008783831261549,-1.0,-0.11141805909596225,-6.354139722475782
1.0,1.0,0.23191858003313803,1.0,-1.0,1.0,8.565027390932336
-0.1990492505450605,0.23414909933828865,0.6394404575986773,1.0,0.2383913181882381,-0.6756343900985371,0.9170179044401988
0.5012817546867208,0.2483911379451827,1.0,1.0,-0.7979371391481574,-1.0,3.9208296079241154
-0.7711381796404089,-0.72607572796617,-0.3590618684564457,-1.0,-0.1941920775063668,-0.20391509774745548,-0.5272316335729161
0.4302840569039915,1.0,-0.30668850271087444,0.394229216456634,-1.0,-1.0,4.624380217431125
-0.29143406472015587,-1.0,-1.0,-1.0,-0.6403710980206057,-0.23720919164757936,-1.8032980174707858
-0.7430616429580417,0.3597876504431282,-0.7547650658247461,-0.44383359232995934,1.0,1.0,8.9160284635664
0.0865580599490332,1.0,-0.048365163108424314,1.0,0.882233343830585,-1.0,1.7534443947978513
-0.8555939190934336,0.6705802179636068,-0.8664127849644119,-0.06818420610951192,0.031373415309298935,1.0,8.771892848046623
-0.9823776079782127,-0.0006409485298931317,0.8933809998009941,-0.08945690956469005,0.12121953023024107,0.22490946320162697,-0.6095772551553666
0.41177699353540625,0.16523951370216272,0.10254921016694887,0.038118746246559865,0.2093712770367463,0.8904811262009098,1.4508970883332903
0.3491928906985231,1.0,0.2673917862469417,0.9986803612277433,-0.05838755942411533,-0.06691006525503151,-0.8406442090606001
1.0,0.718857758966576,0.8144210377211919,1.0,-0.32614784201108993,-1.0,6.793985295083383
0.7381042357400942,-0.1395599165271887,1.0,0.23079547804558898,1.0,-0.2312224216698101,-2.424620051435091
0.14240530859073464,0.5108914038850736,-0.5312162150214094,-0.22039352416311742,1.0,-0.03224778770166492,0.12260952552216926
-0.11563567926489227,0.9315105192473758,1.0,1.0,-0.011392512798382347,-0.42289143291700365,-2.7418031641042315
0.44194994617407346,0.5169587644360295,1.0,0.7670066428417022,-1.0,-1.0,4.403622943053669
1.0,0.7985188015943244,-0.09779771677751237,1.0,-0.4758655536650138,0.9316608499444625,5.01565254242647
-0.5405326874692503,0.7486625623260026,0.645767854096801,-0.372971790918712,-1.0,-0.5910192882155836,-3.178239403756414
-1.0,-0.06831033235030526,-1.0,-1.0,1.0,0.1130149931232203,-0.42163956258027047
0.1616793255956924,0.39150107095895637,1.0,1.0,0.93768615638628,0.2845526327162722,-3.2763163437640848
0.2602456763123001,-0.7680844213210875,-0.901270596422536,-1.0,-0.9156276120539296,0.27018832423283146,2.7800533553608657
-0.5753049095003885,-0.6955305095218483,0.6293997689657054,-0.30190374252172,-0.7547495017131427,0.3616814078413597,-0.7966715863615434
-1.0,-1.0,-0.7446226208558872,0.2897477188398314,-0.09938866399185937,1.0,1.6527352626764338
-0.4771662741315065,0.5074721364002037,-0.9778376395127024,-0.8605053133562082,-0.26251657350820334,-0.12480234610559737,-0.612882592739689
1.0,0.1496963404758653,0.9993939490292276,-0.35773521631592353,0.32066514064822627,-0.08396204769516391,-0.9901763079052925
1.0,0.8093099794508634,1.0,0.7663169443530664,-0.4270394345585541,0.12734915840649874,1.3211113216252772
-0.7696389422587536,-0.07207209744367299,-0.20517828488202294,0.3228723886239742,-0.8957308464565523,-0.13396642470471165,-1.422931325018876
0.1404004841415546,0.11821056180293388,0.46377678413376916,0.5802460172068868,0.29890132764525634,1.0,2.0002171646281326
1.0,0.8612777094042197,0.6179605701656861,1.0,-1.0,0.03196976986936195,4.4554769967885415
1.0,0.7532473500756098,-0.43529999832550914,0.8816641881633034,0.651281056949577,-0.21738299375630687,-1.637341687622948
1.0,0.748282411679841,0.7612432951818111,1.0,-1.0,-1.0,9.579418623812494
0.8359764100741087,0.5149777563263053,1.0,0.7979931063874672,1.0,1.0,-4.650078025467508
-0.25281576130886757,-0.24395272857832606,0.17730341595504112,0.004374763248073343,1.0,1.0,3.2701005457303647
1.0,0.5690430978432623,0.45046214237833815,0.1692232270038636,0.6714817281168999,0.0793326772944889,-1.5171654610335747
-1.0,-0.015425067691729577,-1.0,-1.0,-0.4089917964241766,1.0,5.998546181111098
0.8740654537981365,-0.4499974821444852,0.6297065565975226,-0.4462001474182019,-0.05955513039882776,-0.3046851102899264,0.46484333230884767
-0.3649148560821954,0.437048448927454,0.07607178958002558,-0.9116661679643268,-1.0,-0.8863118806278971,-0.09832254764764747
1.0,1.0,0.6976581725196402,1.0,1.0,1.0,-5.999065013753516
0.317610077840786,0.9075088915989896,1.0,0.49073807895214006,1.0,1.0,-3.0014821589521627
-0.2347763004476493,-0.4702490027789114,0.21490409864605653,-0.12006992889179469,1.0,0.45194895490025955,0.29919235947787237
-0.5311632748117325,-1.0,-1.0,-1.0,0.14775505960173763,0.34225568577980053,-5.356825970287671
0.4772944110232683,0.9779984288257726,1.0,1.0,-1.0,-1.0,3.275386384819776
1.0,-0.324134965698718,-0.22394207814393302,0.5450692642124567,-0.150664037035658,-1.0,4.7457783496225785
-0.3016920891269903,-0.852554676905183,-1.0,-1.0,0.41588516753747085,-0.1962193821522129,-3.3744181904209825
1.0,0.9001566070244897,0.9974107175246676,1.0,1.0,1.0,-10.335215660187043
1.0,1.0,0.3701669079418102,1.0,0.2812240537423105,-1.0,4.307789729396268
1.0,0.37258432099213046,-0.34601389062760446,-0.015288020968733385,-0.6475722408672432,0.49011656015192007,2.209263133621934
0.19562846656827088,1.0,-0.8614836816925076,0.828748819086873,0.3269699062823974,-0.35026130172702663,0.5009130810971437
0.043851115809521335,-1.0,-0.2994948939785782,-0.4945730827277388,-0.9416813690325677,1.0,4.386178930095694
-0.17353227436358165,-1.0,-0.8620435233338402,-1.0,-1.0,-1.0,5.778155208944222
0.5685204427935981,0.09684193277806152,0.21104795314120237,0.6171843906292265,-1.0,-0.6800799950550449,4.003943312010978
-0.9566828814897013,-0.14019242892073058,-1.0,-0.3283974315787117,-0.08002487926037449,0.53425284815407,1.4485647566445414
1.0,1.0,1.0,1.0,-0.5925351114597923,-0.2437370927594038,2.086333629057931
-1.0,0.023991655748330065,-1.0,-0.04668955591050242,0.3159079397547271,-1.0,7.084145889720221
-0.6198147012677253,1.0,0.023259501354574885,-0.5624326062152244,1.0,0.5832035145621277,3.964866191441006
0.2979569994274754,-0.6503361816388007,-0.7278399178342478,0.8935593136338503,0.518313840029637,-0.07604415136248635,-1.820638721094199
-0.2119262241433969,0.0833540395924563,0.39449986460356806,-1.0,-1.0,-0.64154631677557,1.7068361138115602
-0.965732277163552,-0.09071026940868332,-0.838854961031734,-0.04177071714710534,-1.0,-0.8806758512120938,-0.234542554976987
0.2695341659442848,0.2782321463049156,-0.3883002322236254,-0.9717869661718203,0.6793454980322768,-1.0,1.8067038360586858
-0.1254739713615676,0.3604265119505651,-0.6233976043790799,-0.20598181089657264,0.7981844693486815,-0.6266298300195734,1.1711551429204918
0.3145213360457151,1.0,-0.1412371736107385,-0.1356458316402146,1.0,0.7441837123367852,3.3817941400751828
0.941837527913957,1.0,0.9862781739161868,0.9853229070227296,0.022102284700265817,1.0,-5.264130524977749
-0.6004145105321381,-0.09098677553083112,0.511511166286348,0.2517171660258082,-0.07481236265572799,0.19820323166025833,-0.6843584409016095
-1.0,-0.010724036390486136,0.23895617792397023,-0.23247046285343487,-1.0,0.39383844832999615,-3.3172582725013027
-0.761446503142665,0.1010619914150914,1.0,-0.7445161548869811,-0.034007897575094814,-0.3988779257892705,-0.13645179982148437
-0.7161535192772704,-0.23017724173423443,0.020122427521734654,-1.0,-0.09958901621558017,-0.7375209368440698,1.397203382481153
0.006212196890876154,0.8177096128142003,-0.7110423677110185,0.9049136529954745,-1.0,-1.0,4.182676770001862
-0.6529996650701161,-1.0,-1.0,0.5071898547626585,-1.0,-1.0,-1.2344745785060487
-0.953426877875969,-0.8774371275403268,1.0,0.4883238121726537,-1.0,0.23287803142214097,-1.5829818575124288
1.0,-1.0,-1.0,0.393190533018549,0.9454086386263658,0.11931906871869502,-4.902288912293326
0.017718827120882463,-0.21916994917411015,0.16306238930640382,0.17476999436247365,-0.28903618209925774,-0.6229540050210791,1.1599625659731516
-0.8577346632140572,0.8085624995305095,-0.20624426928532746,0.19386786246991683,-0.9235437231094467,0.3879648881198282,-1.7927266645158157
-0.3529748170132949,-1.0,-0.7050439601582155,-0.8548766656022646,-0.6267639474458538,-0.5190170977411139,-0.2332299500620889
0.5515068029723438,0.32826853509062515,1.0,1.0,0.2965184343325504,-1.0,0.3478731340831216
1.0,1.0,1.0,0.6247742891522834,1.0,0.8768724279113761,-7.737915998974804
0.6078912269332136,0.03966384162184532,0.7473034176604891,-0.6508324392652483,1.0,1.0,-0.9679855622294562
-1.0,-1.0,-0.3972892557399531,-1.0,-0.8762405261617621,-0.36251668684560223,1.3367132370722037
-0.7462520553538039,-0.7000461922118559,0.3633970461620524,-0.1617535861824132,0.32649411130699985,1.0,0.731369033162378
-1.0,-1.0,-0.6120959147049223,-1.0,-0.7786639089330796,-0.24447240785558355,0.22378756407721978
0.6101733395467739,0.004341627067542486,0.40812176325408167,-1.0,-1.0,0.8054553213424867,5.823870494654112
-0.13858877865540908,-0.7932288497141022,-0.38065350712693413,-0.31998762661016134,-0.39917642740238524,-0.06021009033085206,-0.3957535500381037
0.23148867207721704,0.19007437352984724,0.41832930310159744,-1.0,0.9013591243529657,1.0,3.3875197573699727
-0.2437721793041534,0.39237176278387104,-1.0,-0.5644106239376725,-0.2683543928898334,0.6290725105826469,2.486637073755042
1.0,0.365116093695361,0.9258056244605906,0.2599777866295565,1.0,-0.5010644387267604,-1.3893803863977172
-1.0,-1.0,-0.7751808463924341,-0.5211034916063455,-0.14141000633180556,0.683298250813027,-3.0150693647677627
0.16200198370528004,0.2075159126152252,0.5347053834330812,0.865404416555875,0.6077822010693517,-0.08235264010123378,-0.3324507897734753
-1.0,0.5749273936283177,-0.8218179149602391,-1.0,-0.04714326309872485,-0.7860086751210176,1.301087480661441
0.9076251775525142,1.0,0.09339825912672128,0.1782059968803924,-0.9495210728356469,1.0,6.462615943038758
0.41122547047603936,0.8532836246443758,0.0694643373772898,0.08345439223229212,0.002092793226376677,0.5261108444675522,1.6841549027562808
0.8984550392382011,1.0,1.0,-0.12280450877694715,0.5014709592598074,-1.0,-1.935312356241078
-1.0,-1.0,-1.0,-1.0,0.9821025824572297,0.07917245749958968,-7.38904405708355
-0.671993643866858,0.757005531940285,-0.49942588568460117,0.7241840905542891,-0.5779889948859973,1.0,3.887593178627825
-0.9685567585237171,-0.1472399218055439,-0.540345462246488,-0.4538067580416934,0.4652518829800103,1.0,4.538636485777801
-0.607629559602638,-0.7158018897177021,-0.49702436264285743,-1.0,1.0,0.5719489034844625,1.127364452022308
-1.0,0.48499978819153816,-0.08322809126530625,-1.0,0.10188989867364984,0.16212552291626198,0.38106453405041457
0.5219477646172208,-0.09040391678497228,1.0,-0.23142056299282077,0.05101320344499083,-0.273599701478235,-0.8405074663324177
-0.2832933814522145,-0.06611143528956254,0.6311570046750385,-0.10729150898386536,0.03065083057017326,-0.05049973883375175,-0.30427351650314216
-0.9630859092692486,0.6248999929213924,-0.23353364754754513,-1.0,-0.8564013519229035,-0.934750814221357,-1.217659184498999
1.0,1.0,-0.04668788586577344,1.0,-0.8657583362911626,0.6490343511221519,6.471444154106916
-0.7027972298100589,0.945010567445728,0.3987260862113981,0.47845087657261987,-0.4136180428320722,-1.0,1.2419125749378526
-0.5266277695118475,1.0,-0.030161676858492137,0.6119680457807068,0.019029932758386214,-0.5667137770154911,0.6375910165491881
0.1204617657003318,-0.09401336961727813,0.31508108242204214,0.07683881420468786,-1.0,-0.7432053297940289,1.8333905163615998
-1.0,0.20041663542145574,-1.0,0.2442167612701972,-0.36389243121889525,-1.0,5.331898309239944
0.5665815682174625,-1.0,1.0,-0.3385952701031203,0.700094875148041,0.6901129782104611,-2.6205735254615306
1.0,0.7587360589474734,1.0,1.0,-0.7369854807342368,-0.8147316256839323,6.387062206131175
1.0,1.0,1.0,0.5606048722407877,0.00044935597202949706,-0.04183649355651475,-2.6861448534552332
0.5151296812196403,-0.8305779472487209,0.5127874089311442,-0.7330395894317272,-0.1693305166490786,-0.968451574516378,6.5688036443069
1.0,1.0,-0.9132295056259402,0.7735326102193668,-0.8520625064190452,-0.4741422100736228,7.469731707843695
0.43798414113314077,0.41865780148807524,0.334356868273582,0.9801289881378824,-1.0,-0.11284403790346365,2.2667545351915095
0.9247380785636251,0.15152997308828753,-0.513601528122966,-1.0,-0.012948148520102398,-0.08421941467737848,0.010100846866595292
-0.6390637027206665,0.42765011184175844,0.08759706256186306,0.03191728393750043,0.49578784245424634,0.026391550621914228,0.7317625931685422
1.0,1.0,1.0,1.0,-0.4039952939154043,-0.9039431956715926,3.247430178605338
0.6126277817746661,0.482168853390045,1.0,1.0,0.7605273895370632,-0.04548040081367999,-4.023937412815326
-0.5640054813826687,-0.47668401125278104,-0.8956101148118661,-1.0,0.09900738763948669,1.0,3.057028818938829
-0.7435405729728747,0.13321874639833076,-0.9585087938304881,-0.6839394703848389,-1.0,-0.6604860486479057,-2.34771282947384
0.476070335472625,0.9237333861344417,1.0,1.0,1.0,0.5700085758023656,-6.840385876797028
0.1008903579651783,0.45320635388665387,0.564805354378408,0.2573061636929995,-1.0,-0.2922221508194886,0.36835591945960977
-1.0,-0.1588439291766316,-1.0,-1.0,-0.12056263258344019,1.0,5.284503338355634
-0.5998344956827888,-0.0018160484235485441,-0.7041535299047056,-0.8032737688226892,1.0,-0.7645983732195107,3.4627177746851263
-0.7388729277102206,-1.0,-1.0,-0.2503136034139979,1.0,0.8318628393362941,0.6092175853338888
-0.5451582054246812,-1.0,0.0993058952748031,-0.5756791438547154,-0.3542023787633142,-1.0,5.068672817915318
-0.0010915311035603337,1.0,-0.19634500379100334,0.7744679134394482,-1.0,-1.0,3.642088975833978
-0.664531140047927,0.6582178888845946,0.9904068105063368,-0.5416758946697822,-0.2856930983848312,-0.22429180476838828,-1.8503195084575759
1.0,1.0,0.6872167135270453,0.32558198476365474,0.8525061262804443,0.03380973137927164,-4.23167362059973
-0.08277187355575066,-1.0,1.0,-0.821592542460454,-0.7223263410849032,-1.0,8.185812478276517
-0.1395717082836855,0.20007786952438344,0.5828631703537942,-0.9431692358876607,0.6251490723937654,1.0,1.6998065999148038
-0.14863799375045175,0.6250702817860877,0.641198925659554,0.07120093296228341,-0.8190315822231158,-0.14023317334005858,-1.4750732348822453
-0.6015686358869878,-0.06914001638182232,-1.0,-0.49029867976036323,-0.08439190306124766,-0.25162858446696434,0.050190272410528425
1.0,0.669053595600085,1.0,1.0,-0.02010239840375483,-0.8899956570092892,2.4844883495696157
-1.0,-0.3977329779080081,-0.2621456152455788,-1.0,1.0,-0.44730028162777713,5.388540345996094
-0.5274161505079664,-0.19595359396778123,-0.7207835192796852,-1.0,-0.027747693190612543,-1.0,4.046177736107958
0.6606414465428705,-0.23262949221896007,-1.0,0.4141039746415348,1.0,0.10434240590876942,-3.1423936673101163
0.8428107058011711,0.414899385105143,1.0,1.0,-1.0,-0.3158033268962754,4.2604512379795585
0.19823715055011082,0.6455096071698425,-0.8783780162986823,-0.6130930384763923,0.03530020949930335,1.0,7.149412487285468
-0.3893750349372276,-1.0,-0.36567026618884535,-0.05669657519606236,-0.3582690061169831,-0.5053865308266344,0.14357617576983506
-0.4446565685436801,0.1311397491829055,-1.0,0.168334215968309,-1.0,-1.0,1.21672350092121
0.27718149962604355,0.003754432209554015,1.0,0.8052210782949907,-1.0,-0.28905918963473143,0.06583623206974343
0.331770496041385,-0.0671187836807774,-1.0,-0.8928185378600402,1.0,0.6298819925604953,0.3972852844544734
-0.7501384322362945,-0.2984600030968223,-0.1341175590491046,-0.15692782981908104,-0.9885051413956817,-1.0,-1.391338583692398
-1.0,-1.0,-0.638676723135607,-0.32262134264890685,-0.24382554293823766,-0.09468913460814155,-2.4102513734190487
-0.8824615409036565,-0.5878274354008692,0.5025709528598661,-0.6730745729065734,-0.8223478061789766,-1.0,1.2651258450640062
-1.0,-1.0,-0.1845437828328942,-1.0,-1.0,-1.0,5.093654539947346
-0.17971807986527744,-0.30459260150081885,1.0,0.356948644056593,-0.6211142428180498,0.8496250460084707,-2.0546292554297203
-1.0,-0.41245401376946067,-1.0,-1.0,0.25645390437648563,-1.0,5.36368590826062
-1.0,-1.0,-0.1387754715476608,-1.0,0.8976062971551921,-0.7443059987777206,6.059152236888347
0.20630166145701267,-0.04445041218818324,1.0,1.0,-0.32198313362554354,-1.0,1.8191044833678236
0.6096541370138822,-0.6046329936897236,-1.0,1.0,-1.0,-1.0,3.4131917783086467
-0.15895959932559434,0.4457139538277134,0.33731515541740786,-0.1842610590170351,1.0,0.6171022397081494,2.1141886917091655
-0.9506631134749102,-0.6857733376534719,1.0,-0.39983354440073104,-0.9857710506399322,-1.0,1.752871326937222
0.06611440656794576,0.13085644685731146,0.0639310719303623,-0.25947644006053333,-0.1726191988272462,-0.44203758207083266,0.42598766562633195
-0.5706906139848884,1.0,0.04491616558608186,-0.2083511017648947,0.07682928155342617,0.31182405862683205,0.7639500425249303
-1.0,-1.0,0.717655777877505,-0.22701268182375123,-0.012584340966781515,0.9239361782556421,-2.216806868868651
-0.13575430731710447,0.47650126795686687,1.0,1.0,-0.07842131575137273,-0.6473056121343361,-0.025635041581678134
-0.008263799423626539,1.0,1.0,-0.5934535815212224,-0.5508959667674596,-1.0,-2.327354477256105
-1.0,-1.0,-1.0,-0.05906905951794017,0.2714652284042891,-0.6539688075981275,-0.5190098170104678
-0.030246889069643457,-1.0,0.3083527445603671,-0.9720742791157638,-0.26477237796906894,-0.5266811432422938,4.201897096240839
-0.0563666394154535,0.6828594356571385,-0.003572811383857566,-0.09536439813418196,-0.7938336251517634,0.5409902053818403,0.7958913921957512
-0.03510365073149656,1.0,0.811843337508026,0.91565340383807,1.0,-0.858874489392343,-3.3550701400351066
0.3988344853272106,-0.21709370101202924,0.47995981762871387,0.6533884405354293,-0.7939167399616084,-1.0,4.479366513366659
0.19008798276955374,-0.10736508250677007,-0.5379029321703509,0.5500027060259989,-1.0,-0.7203596440702084,0.9981897996420593
-0.9776411248561407,-1.0,0.6667321358324729,-1.0,-0.06549277076106969,-0.9627382706341892,5.606561767542467
-0.37984629893197086,-1.0,-1.0,-1.0,-0.24275236488609028,0.9342283476395492,0.24412588807542512
-0.9363859645401049,-0.43090769824677855,-0.284856007654847,-1.0,-0.5903976078021378,-1.0,2.4534007497494708
0.8426534784639937,-0.7966854170957949,-0.48020503777768275,0.2218714433384556,1.0,-1.0,-1.3862729443202588
0.6570370376041793,1.0,0.98426918107912,0.7246366590864047,-1.0,1.0,-0.06460292993877374
-0.6902167416576894,0.1139850947616593,-0.18202102890724567,0.7196315588446096,1.0,0.5041311698068528,3.4812177374173503
-1.0,-1.0,-1.0,-1.0,0.15386669619275084,-0.35947161644389414,-5.784918986529395
0.09711256955526593,-0.06947083501647888,1.0,1.0,-0.8533365291021344,1.0,-1.3378727069328882
0.8783056277078134,0.8331166893442243,0.7510099900557416,0.6144458233642145,-0.7249346989861165,-0.9540960041400554,6.451244822319725
-0.37381785987997335,1.0,1.0,-0.5155112466441648,-0.2230500630775909,-0.4859654651697938,-2.9852786315963917
-0.5525650117341764,-0.039801286836392724,-1.0,-0.18228582363888246,-1.0,0.03494666294424653,-2.584654422224235
0.4802039495658923,0.04278233661508002,1.0,1.0,1.0,-0.6703916890255318,-2.6274122586260606
-0.4508916106027807,-0.9028759521414623,-1.0,-0.4821555994087914,-1.0,-1.0,1.2502777972088226
0.6560773593005021,0.7617032113303586,0.34267564843015175,-0.522982798831219,-0.16347510107365648,-0.5526960794239586,-0.6097744682133687
-1.0,0.4909243742841273,-0.6677760564086603,0.12601573783459763,-0.19918818000382443,-0.5448048035175015,0.31111452461207834
-0.6708145664317747,0.048398140351926244,-0.3436284479341885,-0.390964683598913,-0.3542574690127296,-0.5519231983641022,-0.8013830515951696
-0.32116153274000114,0.3828394810678868,0.234198266021743,0.5738665238665961,-0.17753526962560806,1.0,0.35117276875476744
1.0,0.47833971402066155,0.5233916993934831,0.6436886598307181,0.625901567881714,1.0,-1.0087624811771088
-0.2093627028777575,-0.10716080840576425,-1.0,-1.0,-0.016445357431883467,-0.5825132397036231,-0.6712081449725915
0.23016920586255796,0.8744834317049988,0.9102349647490906,-0.06435640877772969,-1.0,-1.0,-1.349663656501514
-1.0,-0.3743945204183874,-0.47824485968941377,-0.43492609201515964,0.068464098502015,-0.3564939365955444,1.0531632502109658
-1.0,0.685485182359904,-0.6804427672320443,-0.2844513929616814,0.257130322643634,0.49429320459534226,3.3873684977186267
1.0,0.44685655426726767,-0.7185353714100696,0.6757043562857179,-0.45705993808035145,-0.4308565912929928,2.8088435134557823
0.006253632899076003,0.021240212411908654,0.09480439896113252,-0.2713449421549867,-1.0,-0.490046144653971,0.1714346313547359
0.36590027545140086,0.03867007566357372,-0.6690023119028741,-1.0,-1.0,0.2583541997781651,2.345629198696096
-0.7618844595170158,-1.0,-1.0,0.10564710602517191,-1.0,-0.11203554908654034,-5.767908502195605
0.4068252265441292,0.21459593600635374,0.9557183317151101,0.5989534012740403,-1.0,0.05412441528272385,1.4700719610358768
1.0,0.6814303725108074,-0.8212898277381443,-0.7177930346956056,-1.0,-0.7702857827735097,4.784089940903198
-0.2542428622073851,-1.0,-1.0,-0.24906266825920692,1.0,-0.3546550449387491,-2.9837899968190906
-1.0,-0.04352486771854987,-1.0,0.7448565345681896,1.0,1.0,10.952472752431952
-0.12085665472290369,1.0,1.0,0.9035664622594344,-0.6501128612653715,0.4780065806524449,-3.327162105186513
-0.984544710070766,-1.0,-0.624849715968514,-0.9916880277353937,0.8420854114755714,0.4288371740019133,-2.527334572108362
0.7172602587936276,-0.18148267426651687,-0.053102575000554375,1.0,0.14960229207542508,-1.0,3.5175509050063933
-0.15904163376523678,1.0,1.0,1.0,1.0,1.0,-5.804747052081976
0.16912803990325131,1.0,1.0,1.0,-1.0,-1.0,1.5562274924920734
-0.07697914056106825,-0.7328104951989383,1.0,-0.4515726387651118,-0.5359618241132373,1.0,-1.6759774995310472
-0.4372752260991107,-0.6587318152535467,-0.06281014685173272,0.5723248084731393,1.0,-0.761933370423019,2.90808196415046
-0.02121060437772493,-1.0,-0.7341641064021773,-1.0,-0.2482327562624571,-0.7449916504403667,1.6216423324151392
-0.9814138666630231,0.9474813685454787,-0.5273372675592171,-1.0,-1.0,0.03372805935924508,0.8199884146525565
-1.0,0.5406470092181362,-0.7110721051551553,-0.2228445106740296,0.6399400188720215,0.1744974082681079,1.2365238390207645
-0.19124341203596953,-0.2727906077544948,-0.2613404359304133,0.45603324073005735,-1.0,-0.966969866677264,1.1540920708930458
-0.20739747958316512,-0.04374338749644618,-1.0,-0.318008991697461,0.16600750594728542,1.0,6.475210066872766
-0.5098996653031602,-0.8948612207102546,0.004565852186814934,-0.481867427087987,0.3032097992171592,-1.0,6.064351393885271
-0.7820367064438345,-0.3054173592788982,0.15819611748452744,0.29131533012004923,0.2975872028276325,1.0,2.2766335265594084
-0.8484686039559393,-1.0,-0.03565153512070873,-0.549681802913252,1.0,1.0,3.8234676436442365
-1.0,-0.6557477971547121,-0.4207935438992092,-1.0,-0.5899847347155716,-0.529897466956414,0.7250986004713252
0.17249336149365002,0.15710069967598225,0.4357352988302131,1.0,-0.4601511061824688,0.1006224375439877,0.1706481338428471
0.07980485419219008,-0.8757441328157458,-1.0,0.24656086691426315,-1.0,0.1401945686297834,-1.0997717968563394
0.07357633070327768,0.8848505314999257,0.017210969995922087,1.0,-1.0,-1.0,5.521534725188406
-1.0,-1.0,-0.648398794496939,-0.12893885734995658,0.6103122277494991,0.16444801386674673,-1.6722939344429402
1.0,1.0,1.0,0.7384317957274062,0.9341894661451718,0.18223482488955656,-6.208316820981912
0.1516120842822144,1.0,1.0,0.728735968238895,-1.0,-1.0,0.4329841351041958
0.287256239753669,0.5925059510917847,-0.053964033325915595,1.0,-0.07987191984764386,0.9052466680911517,1.662282559549312
1.0,-0.4535248727785542,-0.2642495189457508,0.6621951264389149,-0.773132194460527,0.36931721235403014,3.7006826454004567
-0.2134968348965426,-1.0,-0.11236047654789683,-0.3247354876187657,0.2139661407770369,-0.36970438290649993,-0.2684765009347474
1.0,0.43699717783278613,0.12604893148838747,1.0,-0.5782556893327799,0.029563976649962243,2.3736480124613886
-0.6280379333410941,-0.5427436842624023,-0.15891856453787434,-1.0,1.0,0.04930788833896527,2.3910960319998185
1.0,0.32558563479924485,1.0,1.0,-0.8224855270285997,-0.08924238742299173,2.907450251363322
0.6091524302474414,1.0,-0.7175045705600669,-0.26924037841300763,-0.4108646915911006,-0.315148225341503,1.0529429060924862
0.021592725431511917,-0.10904341428007688,0.00029210265907897437,-0.1983645249867485,-1.0,-0.1277455286487476,0.2460083387549515
0.5385706739998966,0.5093077155359592,0.1433080999233861,-0.26522126663148776,0.6872965659946548,1.0,3.1875397595618216
0.15457468070372937,0.38674506828884336,1.0,1.0,-1.0,0.07284392419171293,-0.5704730079900346
-0.5101805198741831,-0.963777498003304,-0.6011363856564621,-0.6440312147092493,-0.2356572701080374,-0.2418854368111469,-2.302140502494574
0.7534010398021477,1.0,0.09747206149741172,0.7898818911819132,-0.14164328869486986,1.0,2.907928915628211
0.06399528101221691,0.5080181857640595,0.4028743378592371,0.27566726032455136,-0.6441532015353477,0.4127244030944649,-0.3968744061149567
-0.5205316890362792,0.5980790715153563,-0.999869054287024,0.7559531673875628,0.07222501721092386,-1.0,4.336106250905833
-0.7674651517018846,-0.21496457141066003,0.1476048930068501,-0.44689831878117003,-0.8982857624473009,-1.0,-0.7027650275644943
0.3784781370830925,1.0,1.0,1.0,0.46415064392565425,-1.0,-2.87438274585683
0.6942605865901756,1.0,1.0,0.42738054326235564,0.5632790756463544,0.18426075557701227,-3.3994375587706305
-0.6503540331165076,-0.8457316760774618,-0.5047225135699237,0.5949953123230339,0.8486843574969491,1.0,4.86932674675187
0.9686334931796896,1.0,1.0,1.0,-0.5516616086895962,-0.4518608941673987,3.5364336675953134
0.38060559249486536,0.1460503316859335,1.0,-1.0,0.7929892537750605,-0.30819018017084976,-1.1017757409265636
-0.6726559251517699,-0.03702034847871716,0.1864819189132982,-0.7071075747426466,-0.667951538321039,-0.5386839405412354,-0.2391739328346323
0.8943282852928058,0.3412599319985601,-0.9779391288145094,-0.48223038875490726,0.48108650863405633,0.7739170945896231,1.920152223946734
-1.0,-0.18560264621870215,-0.45827633458404304,-0.41923340196329173,1.0,-0.29620440972313045,0.9667470365703585
-0.8271659996515899,-1.0,-1.0,-0.7783126076871225,-1.0,0.23389990785798365,-3.7029211025136077
0.19144375239031305,-0.016655754419744595,1.0,1.0,0.05050364554799634,0.3033166641992357,-1.3011637734034682
0.23236678558052953,0.37700203520470654,-0.13258069717488907,-0.2302701411157908,-0.3348003828943853,-1.0,1.99008122777466
0.6664826207992571,-0.5493419443737219,0.8309970762078325,-1.0,-0.16804815001401435,0.020394248258298886,0.37664868598116935
0.6218909213794708,0.36469432866024865,0.20058878861841678,1.0,-0.9183988463155381,-0.4120830708684221,2.809935521668019
-1.0,-1.0,-0.6919403556670946,-0.6337852551569374,-1.0,-0.0062266814389266845,-3.1083459242566276
-0.4568452502431387,-0.2685554647431079,0.7278615233244984,0.009420586377571039,-0.06672555452794504,-0.058388221310502475,-0.1876938320320562
0.6197669127071891,-0.7576305841746529,-0.6474901426711743,0.7083586090550505,-0.6936631799621029,-0.06784333630689487,1.9969183224743996
-0.3029299538527006,-0.16155341231385867,-0.3528366612427549,-1.0,-1.0,1.0,4.726608425541533
-0.9222244131641977,-1.0,-0.09928615869537905,-1.0,1.0,1.0,1.66258725018122
-1.0,-0.9747837102128938,-0.33669238971776094,-0.8154197247548804,-0.7668187107107515,0.14431690289196997,-1.527887786917061
0.9124207004876306,-1.0,-1.0,-0.7617985683905634,-1.0,-0.7099299737169111,8.402873018079799
0.13141132943871697,-0.5172410668130342,-0.965235778185933,0.7248272440244622,0.09610031893962656,-0.539407865848754,-2.228554199926315
1.0,0.020532838652066066,-0.28528460512069514,-0.018506105593286692,0.5981557460898007,0.5044397636810511,-1.4677684986190433
1.0,1.0,0.5318797744460826,1.0,1.0,0.08578187453344543,-4.297098370614068
-0.8653836476222676,-1.0,-0.01054808442098154,-0.29779028741904456,-0.5235355532932782,-1.0,3.305342730427154
-1.0,0.6065927925324652,-0.04829969384180041,0.36527751763098093,-0.7055556363871182,1.0,-0.49186163512160513
1.0,-0.47567146460863635,-0.05414067598646698,1.0,-1.0,-1.0,9.909446109251313
-0.9551418513561746,-0.03103254849169368,0.8176933843768425,0.25938065899412677,-0.2569753321161552,0.7196532365787024,-2.3579362908762196
-0.11320070500343757,0.6510750109817831,-0.764652654994244,-0.5103357342964415,0.8802325450130805,0.8551506600334895,7.177142422905125
0.19915995639099915,1.0,1.0,1.0,-0.38624472676415866,-0.8695047522047256,-0.07902489190696071
-1.0,-0.005385798407154807,-1.0,-1.0,1.0,0.5419472211927943,2.452902945385588
0.8033775659008937,1.0,1.0,0.4642214275259111,-0.759530118010219,1.0,-0.15527004470491873
1.0,0.8631190562999203,1.0,0.08805155417778643,0.4411732235618365,0.38208708958191595,-3.4425591644175553
-0.5777033609409644,-1.0,-0.3965870445392419,0.24523127168494296,-0.6760089384372363,-0.8310166506133685,-0.005789846503239875
-0.9416747465634379,0.010187469493954215,-0.5893880387761127,-0.15620046886521455,0.7079922767860618,0.02634219522725445,1.4218268456201248
-1.0,-0.1687865069951553,-0.21438519432875436,-0.08051326250658786,-0.4872743982957477,-1.0,2.2260768981539036
-1.0,-0.24774986419893574,-0.31972100925525937,-0.757789361667579,0.5394447704632092,1.0,4.046893770805227
0.2841098177135259,-0.3302737911484208,-0.059996812033830005,0.22990636326309566,0.7278667860501844,-0.30301624983000053,-0.04704367481744559
0.6188009829156774,-0.6007359313920606,-0.4126369047539516,0.2301243910619497,-1.0,-0.10956696671534494,3.0581769600331445
0.8714795358487208,0.014466085995450961,0.07299196252141721,1.0,-1.0,-1.0,6.865748148691153
0.2894633372126473,-0.9728312693241168,-1.0,-0.9254944183313373,0.28293315719364753,1.0,-1.4380487897875365
1.0,-0.1313908296133346,1.0,1.0,0.5578467856453713,-0.45842728514195913,-2.3002377700819356
-0.841547552655153,-0.16735668077048438,-0.5012511273824085,-0.538756482509056,-1.0,1.0,2.5280857787368873
1.0,1.0,1.0,0.2893298551501553,0.8894782929439796,0.20203098489870097,-6.1283475835873595
-0.5643290716951744,-1.0,0.012663526614377751,-0.7532056824110773,1.0,0.9202772654447215,1.2566951233612351
1.0,0.8971698826279354,1.0,0.4706721223566556,-0.5754955491686491,-0.7126315097449432,2.546866370184017
-1.0,-1.0,-0.35205639359154794,0.36241992876543416,1.0,-0.2588633580426942,1.5830267977941155
-0.5557209074909673,0.2101973438172977,0.15868934261410034,0.24263844531845502,0.2798568908710599,-0.6689199717426106,1.606850207836075
1.0,0.774345313618627,-0.1297959079478312,1.0,0.4374596680300493,0.23231017354753047,-1.1047617292367637
-1.0,-0.8485824243255018,-1.0,-1.0,0.4748190351845547,-0.728507899888582,-0.5450581661185464
0.8000360079639354,1.0,0.2746734575155628,1.0,-0.8459803940763166,-0.619760338176528,6.718251440778281
-1.0,0.731116168636755,0.024339311412940795,0.29147741652181247,-0.501933614500173,-0.08660799995070634,-1.4069768985010724
-0.10910429400971894,-0.7776078363590972,0.311323289739053,-0.6015646621210264,1.0,0.32388418717777134,0.22005420037957357
-0.40789956866791655,-0.5139389035292851,-0.9432801873824593,-0.8151732568875787,-1.0,-0.7374381622470416,0.5889020503306619
1.0,1.0,0.9615717715531549,1.0,-0.26355757891786413,-1.0,4.4316024495689685
0.7584857869661695,0.2580712015080212,-0.4880065053670137,-0.7822222626176458,-0.41421836128463957,0.9473713632149289,4.719738594203046
1.0,-0.21574905049478077,0.7574814049114837,-0.42161775251955474,-0.12912636353621537,0.4381281143914699,-0.45101022906215293
-1.0,0.16744191615733717,-0.7143893086982149,-1.0,-1.0,-0.4394965541133684,-1.069958548848791
-1.0,-1.0,-1.0,0.26984194608779655,-0.773570352552576,1.0,0.11527941881903603
-1.0,1.0,0.3724628346482268,-0.8062462108588395,-0.15567109062899043,-1.0,-2.6764669528814924
1.0,1.0,0.5188992498555589,1.0,0.4501518313915454,0.5500949670402075,-3.536201620375137
0.6828892277371383,0.18913318411968993,1.0,0.587560096339301,1.0,-0.41097212890999857,-1.9267795802410665
-0.7968367395093807,0.5424794417218162,-0.9255867753209166,0.6243551481957317,-0.43193897091297395,-1.0,4.193308731794047
0.020758437828930998,-0.5626911068897431,0.04825574774637062,-0.024187863264742537,-0.4559631782903725,-1.0,3.6091072006409664
0.6688785057414026,0.7364389280875626,1.0,-0.08359864563283292,0.4189077206964612,-1.0,-0.6722042793929777
-0.42714599706357326,0.3700169002295224,0.5190913481915979,0.688983682579308,1.0,-0.8333225792680112,2.192162264527773
-1.0,0.7201672551665993,-0.617671505846083,-0.45737420094978565,0.24943442756544904,-1.0,3.9566657013657527
1.0,0.21275845913026825,0.3392847833722592,1.0,1.0,-1.0,-0.1447735608557228
0.11183239736193523,-0.6922843859631613,0.1220530380879411,0.9427568931881697,0.1393044359303388,-0.472048595666573,0.19834873145900553
-0.42312062390454236,0.7472667012220564,0.5473798362822024,0.7038321397682475,-1.0,-1.0,0.7134595862449356
-0.9223964041613865,-0.4750377326534092,-0.6795117650110126,0.7219960798047409,-0.883515619792947,-0.014232084799446376,-2.893257194497385
0.058108478268405594,-0.1239078451515137,1.0,-0.8593501050174526,0.2626058786129066,-0.6293084782067042,0.4714989839282087
0.31044094452863896,1.0,0.07737959259276084,0.4655043962188704,0.8206772716543506,0.4276319375698372,-0.07165137327831625
-0.8867535137051032,-1.0,0.048750573718176926,-1.0,-1.0,-0.5821447871009781,5.662149057184774
0.5340429924832525,0.18319431769611272,0.9922335359008128,0.7954252583502294,-1.0,-1.0,3.3577493971161725
-0.2812560933939132,0.28994366139621225,-0.5085758665747103,-0.34566596893102414,1.0,1.0,6.704730311774219
0.49726426523073614,-0.1488417070421157,0.5348740547223396,-0.8003804063254182,1.0,1.0,0.0747302408706652
0.5630952748552273,0.19068081389932465,-0.5981800321718895,-1.0,0.3945836949803656,-0.21799543685141873,-1.0702486023885478
-1.0,0.7337027516305406,-0.4545952796189028,0.13369169037929649,-0.7185957656820068,-1.0,0.5421038469436015
0.8017471009598588,-0.5141522662755657,0.24998989594709753,1.0,-0.6491995294630859,-1.0,7.852119116831114
-1.0,-1.0,-1.0,-1.0,1.0,-0.3002683286164125,-5.83586482131996
0.20071016058207247,0.055294652573739,0.02564933810897163,0.14580192725135616,0.1354666414200305,-1.0,2.855331298931862
1.0,0.6006242761619894,0.28228570468040304,0.5702241144567015,-1.0,-0.0817564276641295,3.342381376301863
-0.9563285942217812,0.5949959824626072,-0.8979590701845477,1.0,0.42596511054251995,0.28550401343769594,0.3699667149624133
1.0,0.13355414521629627,0.5936876806984996,1.0,-1.0,-0.6410652497220934,5.849721320110382
-0.10673134867709289,1.0,0.4918311404712987,-0.009708266562087786,0.06961944570034806,0.4651374018204977,-0.22074225012315385
-0.4317581344082465,-1.0,0.011287764240731302,-0.1570275842996196,-1.0,-1.0,1.9691660407160774
-0.16414429319213286,-0.6396140939120645,-1.0,0.39137397441858557,-0.9772375888064448,-0.38714775883190716,-2.1027103270802936
0.6498203213084395,1.0,1.0,0.8374743802166613,-0.7104829334552454,1.0,-1.5885010598907694
1.0,1.0,1.0,0.39374334368291947,0.5030196169834142,-1.0,-2.051530204617272
-1.0,-1.0,0.43631232754105903,-0.5068254403807111,-1.0,-1.0,3.59916445602685
-0.5622209584775248,-0.6551519689593385,-0.6091945925781582,-0.44034581523847915,0.47847203105572034,0.3641520853974811,0.10877941698181073
1.0,0.9281800521348571,1.0,1.0,0.34758565164747507,-0.697117475891488,-2.108531567103121
-1.0,-0.959718238902469,-0.7957395556492309,0.17153851387451557,0.26708960888951166,0.8955306891475605,1.7305495714876304
-0.681789380798287,0.03052362664509467,-0.8219515691646688,-0.25261743511628093,1.0,0.5687176687560416,3.3460377310877276
0.958739829493997,0.9668397389382548,0.12914888749139875,0.975599995367453,-0.261049217458009,1.0,3.6865287053039326
1.0,1.0,1.0,-0.4175514359260613,-0.4360053339222485,0.1639144706324855,-0.7770751988920968
-0.07706028859988967,-1.0,-1.0,-0.39604301415870324,0.4673159722925989,-0.3665019919411689,-2.410582065998384
-0.5855065093581876,0.2791457997578741,0.3424772368730842,0.005658070971406498,-1.0,-0.9796125774243971,-0.35043720334887607
-0.3884787010182089,-1.0,-1.0,-1.0,-0.9321778891863735,-1.0,4.617206165257859
0.8449909099067967,1.0,-0.810603393951729,0.3886604660754275,-1.0,1.0,11.20135351508683
-0.5793340259111297,0.44077052224967717,1.0,0.27517155944822,0.17443515996010506,-0.36863963459309357,-0.14111200194670454
0.6191323240740011,1.0,-0.3131904551697554,-0.09167717344669479,-0.13376567740085546,-0.1441048371161393,0.771790121220939
-1.0,0.05287247364711484,-1.0,0.33104762803858945,-0.43884554090888656,-0.2371148834987014,-1.4051325614673273
-0.3217077314072887,-0.2777031682575557,-1.0,0.7122696145770531,0.4251981910600879,0.22422552727080947,0.13774109945297125
0.5271421304710587,1.0,0.9600406976721388,1.0,-0.04587062475426318,0.4720847819250099,-4.168412590732078
0.20097171279673043,-1.0,0.061293136464681264,-1.0,0.5983954899964654,0.3039834065147182,-0.3440566723151507
-0.30412844366800185,-0.7119165772017395,-0.8629622741061013,-1.0,0.5726769017157458,0.7201227496950384,-1.2428854031054735
-0.7603220470875075,-0.2549593093071207,-0.2037094868976962,-1.0,-1.0,-1.0,1.1024174120363155
-1.0,-0.9114017908740699,0.13867381688289632,-0.13940312745680317,-0.42522045280262755,-0.6135494724166397,0.7541939275108184
-1.0,-0.47084562892699366,-0.19129731996650728,-1.0,-1.0,-0.25778365981655726,1.5467410029528397
-0.19989058832394302,-0.7158577059553339,-0.7567538942481831,-1.0,1.0,-0.07033401885152579,-0.34731883476467323
1.0,0.5338098158079554,1.0,1.0,0.5121920000530484,1.0,-6.416013638508957
1.0,0.7176108346256505,0.6874757899695045,1.0,1.0,0.06143295599379772,-3.671387546565523
-0.9127208673747388,-0.10793918593063331,-0.2271841631535031,-0.06466135703055775,0.3847225230329121,-0.9309994315095136,4.636179522779251
-0.135167874858389,-0.44515364291271203,-0.707538024466534,-0.4358546148103304,0.23107972055404957,0.704973955444715,1.050921674496529
-0.9261033033076796,-0.12868553458712007,-0.5981156210132814,0.5120732948382842,0.9979862818133063,1.0,7.831244655617752
1.0,1.0,0.5687107282115393,1.0,-0.6152645489342553,1.0,3.6848888988506228
1.0,1.0,0.3235293739443665,-0.9901459964486953,0.47153662157283494,-1.0,-0.4890763482686531
-1.0,-1.0,-1.0,-0.41106820892349893,-0.8811551705581893,-1.0,2.178815285727682
-0.14725256713931945,-0.2571382769428914,-1.0,-1.0,-0.0006321745008232016,-0.8848160122608393,1.9146649404960132
0.9470213877604046,-0.3156533918480404,1.0,0.024880914564652912,1.0,0.1444002510517336,-4.875360681413118
-0.14747270489441772,-0.4651369063605252,0.1275884399184687,0.47451721067924657,0.1637509333638354,0.07591032881360588,-0.3782429891121386
-1.0,-0.8014455017707622,0.4510447626525331,-1.0,-1.0,-1.0,4.656069632998653
-1.0,-0.23980422393016454,-0.912642367986106,-0.8094125706865516,0.08918571747044757,-0.6138650719732756,0.629512802239561
-0.1585852578168999,-0.1391434459320936,-0.4186099927869649,-1.0,-0.03839376435111119,-0.1635076442168737,0.5339794677965661
-0.9167715399840936,-1.0,-0.6300066736318348,-1.0,0.7446958340896284,0.7956105922247783,-1.9632480217192483
-0.11727122339766272,0.8769539819656056,0.2170505557461282,0.4835418087326748,0.8160680496667625,1.0,3.805515435707688
-0.09290514962169838,-1.0,0.8582800109608366,-0.5492522778433324,-1.0,0.1620065201795107,3.09828996645925
-0.03393034731312161,-1.0,-0.7082021603068402,-0.48782197031593744,-0.27403670933950164,-0.7546385622531943,0.09038874061748059
-1.0,-1.0,-0.35042250579350465,-0.5225654549958504,-0.053743041034648775,-0.3952909875608466,-0.23196464257833577
1.0,-0.35169816454356717,0.6913243960161526,0.683896406333802,0.8835449759656421,-0.3660801044759643,-1.7101727332092276
-1.0,-0.48841472447165424,-0.1462549974063334,1.0,-1.0,-1.0,-1.1158507799783552
1.0,0.815317223179392,1.0,0.14886463442465628,1.0,0.781200806956726,-5.918032113312696
-0.7775701833088091,-0.7299917958561192,-0.49070146922184577,-0.2489054661609258,0.32206913470750487,-0.3697652037875332,-0.11381489316179028
0.6736383045184251,0.7115697104529293,0.12917590228503628,-0.14843961326299784,-0.6046427430662427,1.0,5.41399602519995
1.0,0.9839858359193369,0.8123984877421574,0.09597481904938687,0.6068623277658393,0.13530937100711218,-4.001621826485566
-0.25631784742350483,0.5836137400047442,-0.19328684852817152,-0.3540133927361793,0.12888969365179326,-0.7173605437343841,1.2275189657291135
0.7373872233720259,0.3622390969301143,0.07312394759973978,1.0,0.8480231908797862,-0.5172122735244913,-0.25132469082362896
0.713334833629117,0.2531997523943868,0.13106214563760638,-0.7336488296511278,-1.0,-0.7519431128515869,4.541019457721623
0.030009179460388724,-1.0,1.0,0.40913874239130826,-1.0,-1.0,5.0455077976903855
-0.26379100054606835,0.6497423242373943,1.0,0.24648600251946343,0.723838584923977,-0.29971598345237555,-1.8154418647293427
-0.22703697143434987,-1.0,-0.5868401768206934,-1.0,-1.0,-1.0,7.373914412544468
0.9461813564681083,1.0,0.8902608749029723,1.0,0.06536691380375248,-0.2285088912775095,-1.2022627165303255
-0.8950526520142488,-1.0,-0.7886277677169097,0.244217066977804,-1.0,-0.4391435731335067,-3.323492323354395
1.0,0.5301529529593909,1.0,1.0,0.8038733451544109,0.41875889173165004,-5.684131188296696
-1.0,-0.4686265671431673,-0.7009203545156086,-0.26894837966622676,-0.8963783297929901,-0.4943013065746522,-0.9875504096954302
-0.4016464828835844,1.0,-0.23118008717623728,0.6969945973928282,0.3780613327567357,0.9189774163198607,3.6517602507377704
-0.177321143840091,-1.0,-0.009830045018097477,-1.0,-0.2985317093044485,-1.0,6.590934637717416
0.5299657489243264,1.0,1.0,0.5745729802601391,-0.0009583300034874398,0.013982198671324109,-2.7218246202140626
-0.4900881446904829,-0.38249715030703335,-0.7848726645957464,-0.14346959106077017,-0.30961950075113726,0.5448638593738683,-0.06195201072000878
-0.1441337767903997,1.0,0.49716749025573925,1.0,0.1941930058230379,1.0,-0.9197723949580094
-0.10456132142159724,-0.6466191940519126,1.0,-0.07973310632924002,-1.0,0.4813005815310393,-1.5886063312817185
0.08296979416374498,-0.6318155167682504,-0.23988748431916407,0.674304386300499,1.0,1.0,4.805447953632827
-1.0,-0.9561437206768268,0.47420575470125703,0.5732152251084393,1.0,-0.6675336669998597,4.677014485037744
-1.0,-0.9692179324983167,-1.0,-0.1591277409263423,0.4683757459978217,1.0,3.3736450174291903
0.3668602972353627,0.06897755720368565,-0.7395355866432064,-0.6731944842296205,0.7056460823104997,1.0,4.250498787155545
0.2874044349712864,0.49597217955329903,-1.0,-0.3411557167528898,-0.6270535043222991,0.0856025600293836,0.5834366860633702
0.4737776914104467,-1.0,-0.5541914732312628,-1.0,0.07327848251688845,-0.4225960269082516,-0.10031516206734592
0.8820092618790905,-0.49771036563795396,0.8763473713946073,-0.32772740436969616,1.0,1.0,-5.3619998137536475
-0.6977693324746141,-0.6514472762957907,1.0,-1.0,0.11593196733703658,1.0,-5.563923706014329
-0.812539938180006,-0.1255541757831371,-0.4622263489564067,-0.4932666034350228,-1.0,-0.6957325885552532,-1.3873869642141206
-0.1273849100756561,-0.6737464544224349,1.0,-0.33618092968328006,1.0,1.0,-1.0126881920277953
0.1873696786407732,-1.0,0.6310837132339815,-0.4807199458899628,0.20532370753592144,0.9765089560668521,-0.07797475204721363
0.271824073337403,0.29540638291534393,-1.0,-0.2840056724214328,0.40852323439906746,-0.09765650631479739,-0.6897725274889435
-1.0,-0.549133323548027,0.1250604246077276,-1.0,-0.24480231793681018,-0.014469395386645822,-0.9747152920732702
0.3184198989366236,0.49103302229265056,-0.903385260855461,0.2117963363703107,0.9260640695155135,0.774165998620767,2.7574459214736073
1.0,0.25874323462785487,0.8591075473695273,-0.2652401767938115,0.11046750784515197,-1.0,3.3277633655231633
1.0,0.9612300152733422,0.27630774246700107,1.0,1.0,0.6423194893868476,-3.181401488703681
1.0,0.044806570293213666,0.9806864782185397,0.24916410449831394,-0.03441241230505014,0.6212713211896527,-1.2239328966451017
0.9446148541384661,-0.2563556776043302,0.10081585062443629,-0.6388222716322771,-0.24049137424971523,-0.46957088475547726,2.661308487517178
0.6815646102515662,-0.1798977117704137,-0.5474018596182675,-0.8624656429572202,1.0,1.0,1.6142162672096099
-0.6903508063523638,-0.8028020441892759,-0.0074899129027832245,-0.8695979586530458,0.95185953515957,0.7012954127571667,2.2499731209094156
0.20476055568411078,1.0,0.3861404574548781,0.36480571234717685,0.5534011547320941,-0.7507318740278672,0.21608185142730352
0.9269470322832501,-0.6640918039263785,-0.2788148897524994,0.5567842348196222,0.2454796599167267,1.0,2.82986206131174
-0.3737909808782246,0.18595012684603385,-0.031658184032966386,-1.0,0.6877687761272506,-0.12570849746432805,1.4814958716872548
-0.9860254695587655,-0.1789452087163439,-0.8710904318577591,-1.0,-0.5601548491949147,1.0,3.5291215171192905
1.0,0.5400788105722427,1.0,1.0,-0.16899472592250364,1.0,-2.5699924981806506
-0.3051305116506231,-1.0,-1.0,-0.6552859929385889,0.08582288697844431,-0.9495565342803509,1.8921478915779684
-1.0,-0.7125327188098605,-0.22978077623852722,-0.025030550444312016,0.3578318364731989,-0.3148349401022563,0.9283568907839599
0.143872095254708,-1.0,-0.9860935954599932,-0.31677407695000837,-0.7970443463773366,-0.059514803167477204,-0.6279127182689423
0.37133872907608895,0.5766544708975883,1.0,-0.2971937832055133,1.0,-1.0,-0.539964338450236
1.0,1.0,0.6935714193508055,-0.517440031227021,0.11229042214532464,1.0,0.34639002910316896
0.33532805550298883,-0.05783519227711342,-1.0,0.2237323546370109,1.0,-0.12184240940764166,-2.1701215671846295
1.0,1.0,0.914355764678968,0.3256114032693824,1.0,1.0,-6.168017618642726
-0.6119585877438225,-0.11169298848969378,0.26305464246039256,0.43400699968418205,1.0,1.0,4.828179044228359
-0.18844782375387092,-0.3378484200552072,-1.0,-1.0,-0.9893385637823524,-0.11226414299356224,-0.40357901583146827
0.21749318765864867,0.3302004749670292,-0.46990090770398363,-0.09130110983732118,-0.038443220846186954,1.0,4.446801069517435
0.3572271720847385,-0.6026481772619232,0.17900268523427398,-0.6230209861878824,0.24746898194459044,0.5706403130374176,0.09471958950617454
-0.2011497951209087,0.2586579254975197,0.7257567772361949,-0.2910859631763386,1.0,0.8938390201302363,0.8328255025287646
-1.0,-1.0,-1.0,0.007371476588927783,-0.202048907772317,0.7591943763724593,-0.40812235599776026
1.0,0.10762625888165656,0.29517808425990016,-0.5183718332694751,0.7084409226965198,-0.24192871932107796,-1.471242723658778
0.6987716836211706,0.8964268780332044,0.226602077210595,1.0,-0.9571771496358246,1.0,5.69999967738354
-1.0,-1.0,-0.9060758051317784,1.0,-0.11485437894701506,-0.2594604779843954,-6.627136786819513
-0.14557487085489074,-0.6907326744706765,-0.0332690123825945,-0.034381324328317975,0.5075474080720905,0.8851603524803575,1.424059085170481
-1.0,-1.0,-0.6733711707162173,-0.4082442332930103,0.3987912232569859,0.3211540638249968,-1.9590787045191753
-1.0,-1.0,-1.0,-0.640064072966709,-1.0,0.8214277308723305,-2.6292555759057015
0.5240721453017358,0.18228879243984575,0.6248862329188811,-0.047195369417002864,-0.5855672555261722,-1.0,3.9503692533361363
-0.8640357283441957,0.5848158303561867,-0.8811855305709981,-1.0,0.011947076292297742,-0.599148122997571,0.3265868985605288
0.3193528587352938,-1.0,0.35723768694002167,-0.31641155656798214,1.0,1.0,1.5779255611156686
-0.03228927663015352,0.7738381254752257,-1.0,-0.6945456794098847,0.3511330406106253,0.341038629006407,2.025906169430194
1.0,-0.10062562277805515,0.7584847101549405,0.10703449557593736,0.3847411481500762,0.9825950709332298,-1.1441860540864521
1.0,-1.0,0.8058366728674142,-1.0,-0.7142051545629973,-1.0,16.006504667486006
0.40609618061491054,0.7352368913670078,0.6527884534829101,0.8744961980505663,0.5142006161682193,-1.0,2.5016126076637546
-1.0,0.8102377031460173,-0.21210405581067215,-0.021422563023602015,1.0,1.0,8.739140089352116
-0.11801345373689623,-0.997091494722944,0.25867802139400786,1.0,0.7646979051836478,0.9007689172350803,2.0369686385641534
0.0709471767919061,-0.41376824416426267,0.5222292176114435,1.0,-1.0,-0.6516499633814156,1.632774374101553
-1.0,-0.628632482289608,0.3873913749522865,-0.15409882324920443,-0.6445472257859018,0.09075375131738206,-2.09088849598404
1.0,0.6795237085501773,1.0,0.5987042707037791,0.8119640755480293,-0.2520973184322145,-3.7875096001775224
-1.0,0.22527020100011377,1.0,-0.3677090683794214,0.5433850769463018,0.7323084447160286,-2.6119984631810027
0.978557751027997,0.5954779320421202,0.837100695780884,0.8616023003648405,-0.02993729079945706,0.15677325580419643,-0.7256616425942594
-1.0,-0.36442596617627787,-0.4469875034684086,-0.37486020377424023,1.0,1.0,6.24235047776781
-0.35556486625154615,-1.0,-1.0,-0.9035049979331965,0.6718996038712682,-0.4714794564673179,-3.7669410825023766
0.3269144986616419,1.0,1.0,1.0,0.4023319202281343,0.9327569621850947,-6.641122312498864
0.22212987406503376,1.0,-0.1296368076449539,0.7718552789524782,-0.1277939898829864,-1.0,3.468194481406704
0.30780087323474525,0.2761140743951936,-0.22459275827743877,0.3704898586970455,-0.1990660719013364,1.0,3.6753111744049782
-0.6041631307957993,1.0,0.44078418361134586,0.7331670157621555,0.2151618340889239,-0.0996948293273574,-0.1548336794143932
1.0,1.0,0.4891362545776182,-1.0,0.44031032781817503,1.0,2.749098448636111
-0.3658419879049451,-1.0,-1.0,-1.0,1.0,1.0,0.3239650006655753
-0.21653753974516762,0.6779965353194716,1.0,-1.0,-0.7087912437460986,-0.24307775392685083,-2.1590161970133592
1.0,0.4583082000597559,-0.012208401119300771,1.0,0.8211132491839701,0.14250020184349266,-2.3416312765126865
-1.0,-1.0,-0.5933299933549254,-0.15338905444039408,-0.6049360474675816,-0.9686543519342922,1.3902957875741633
1.0,0.5501102172170886,-0.3657460736796965,0.8403313907765912,0.6224976641578885,1.0,1.829400599679463
1.0,0.6820747588451244,0.6156950299423893,-0.037121869474024016,-0.42010787005983197,0.6840991484815508,1.2636822275103372
-1.0,-0.9879216744334214,-0.6223497094429042,-0.8366473919134712,0.2355024175758279,-0.19967139497983566,-1.641284842537837
-0.4974771545639368,-1.0,-1.0,-1.0,-0.8470187044038063,-1.0,3.9749819622919187
0.7337615267152424,0.38773562817108975,-0.07047102742730627,1.0,-1.0,-0.7873086034783273,6.454291958302395
0.825747291213274,1.0,1.0,1.0,1.0,0.913025936106727,-9.245533285843424
0.5241969845111584,0.3949549266121063,-0.6119454307790395,-0.9610410647564421,0.2660244217619979,-0.16182157921493168,-1.1387257247806075
-1.0,-1.0,-0.3453353750129722,-0.76766726317676,1.0,-0.16192990898588722,0.8919838842412163
1.0,0.21177800346113185,0.17066351652468348,0.8674489822458369,0.14468810912043867,-0.13168710537081432,0.29286029785465173
0.22646669372707862,-1.0,-0.45215116316674064,-0.17403163270211086,-1.0,-0.34771804664740763,1.524181278153758
-0.9719935790641114,-1.0,0.515071279536652,-0.6188753150699833,1.0,1.0,1.5152960108269717
-1.0,-0.5066823250548467,-1.0,-1.0,-1.0,-1.0,2.9673757170759214
0.2975584615760103,0.3417409278299014,0.31834010274268254,1.0,-0.10738143783098492,0.5499454578296651,0.4682760290649607
-0.5192140087798982,-0.6199302283800703,-1.0,-0.09906545153573854,-0.20593720810970462,-0.6827099695453476,1.7424242092578548
-0.3741820467575254,-1.0,-1.0,-1.0,1.0,1.0,-0.20970302637577504
-0.8787605879594692,0.3354987112905573,-1.0,-1.0,0.2572391714622285,-0.20686205199406338,-1.2261084848858745
-0.5296396504454843,-0.24555743711298805,-0.6806875003605029,-1.0,-0.49823633132425554,0.29750345289577934,-0.9794562045937942
0.4672373627807582,0.4915073902498104,0.8592762022872988,0.43316343392395495,0.054352971540911565,0.6962420047594267,-0.9484405115231975
-1.0,-0.9661241036019255,-1.0,-1.0,0.2544138567956178,-0.6407921758125031,-3.2858018374185596
0.48606352753250914,1.0,0.6624461952611216,0.013963549188950708,-0.2825362405394026,1.0,0.039185661668550864
-0.1616826616489504,0.9018450311978208,-1.0,-0.605345155243844,-1.0,-0.6676212548656357,-0.66693083447916
0.10699204438757803,1.0,0.3702600115231067,1.0,0.47604419715427637,0.42545685462964866,-1.8902528853307967
-0.13338930925045178,-1.0,0.12867227757988503,0.35777200837690065,0.03244742810999224,1.0,1.5176577631673966
-0.043706579911302584,-0.2877826961844163,-0.6390175700861691,0.019350911259118142,-1.0,-1.0,1.8481390690320314
-0.8568257594826534,-0.44177724108211414,-1.0,-0.49542874109817125,-0.5651993232834613,1.0,5.160882635202429
0.19469011749185075,1.0,-0.01662167344280796,-0.8249443379084507,-0.4149833374441432,-0.926317060848385,1.0788145488085776
1.0,1.0,-0.5560902198739952,-0.15938034257009903,1.0,0.5907830368348255,0.32892782675506405
-0.5292684103414615,-1.0,-0.7253665165261161,-0.07150547627293366,-0.5359219949093987,1.0,2.329242332717084
-0.484994998318273,-1.0,-1.0,0.1966737647154171,-0.6163641881134582,1.0,3.1170655622073324
1.0,-0.06997798477135803,1.0,1.0,1.0,1.0,-6.151346570098432
1.0,0.1848021011420926,1.0,1.0,-1.0,-0.20301152217189652,4.2047447914603095
-0.9368546441211626,-0.6353898776211108,0.0905741428031957,0.05458386545970917,0.026092712962704268,-0.5027885468113322,1.796977765057731
1.0,0.45007813580762845,1.0,0.3417989473893982,-0.6627107199082432,-0.5373627093421148,5.014006031940414
-0.8601352731024268,0.28813787395904855,-0.4525438534749736,-0.8298787399394332,-0.9553768400336049,-0.10794326726418824,-1.1428904282970824
1.0,0.7340030449738233,1.0,0.8460246716830961,-0.5507129268049835,-0.6814907709664251,4.593523074961809
